Period_ID,Data_Year,Quarter,Tesla_ZEV_Sales_CA,Total_ZEV_Sales_CA,Tesla_Share_of_ZEV_Sales,Total_LDV_Sales_CA,ZEV_Share_of_LDV_Sales,Geography,Data_As_Of,Source_File_ZEV,Source_File_LDV,Source_URL_ZEV,Source_URL_LDV,Source_ID,Hub_URL,Snapshot_Date,Metric_Label_Sales,Metric_Label_Shares,Notes
2008Q3,2008,3,10,10,1.0,204652,4.886343646775991e-05,California,"June 30, 2026",New_ZEV_Sales_Last_updated_07-17-2026_ada.xlsx,LDV_Sales_and_Shares_Last_updated_07-17-2026_ada.xlsx,https://www.energy.ca.gov/filebrowser/download/9805?fid=9805,https://www.energy.ca.gov/filebrowser/download/9806?fid=9806,SRC-CEC-001,https://www.energy.ca.gov/files/zev-and-infrastructure-stats-data,2026-08-07,reported,calculated,CEC new ZEV sales inferred from DMV registrations; methodology updated 2023 and 2025 — YoY compare with care
2008Q4,2008,4,65,65,1.0,155737,0.0004173703102024567,California,"June 30, 2026",New_ZEV_Sales_Last_updated_07-17-2026_ada.xlsx,LDV_Sales_and_Shares_Last_updated_07-17-2026_ada.xlsx,https://www.energy.ca.gov/filebrowser/download/9805?fid=9805,https://www.energy.ca.gov/filebrowser/download/9806?fid=9806,SRC-CEC-001,https://www.energy.ca.gov/files/zev-and-infrastructure-stats-data,2026-08-07,reported,calculated,CEC new ZEV sales inferred from DMV registrations; methodology updated 2023 and 2025 — YoY compare with care
2009Q1,2009,1,51,51,1.0,139711,0.0003650392596144899,California,"June 30, 2026",New_ZEV_Sales_Last_updated_07-17-2026_ada.xlsx,LDV_Sales_and_Shares_Last_updated_07-17-2026_ada.xlsx,https://www.energy.ca.gov/filebrowser/download/9805?fid=9805,https://www.energy.ca.gov/filebrowser/download/9806?fid=9806,SRC-CEC-001,https://www.energy.ca.gov/files/zev-and-infrastructure-stats-data,2026-08-07,reported,calculated,CEC new ZEV sales inferred from DMV registrations; methodology updated 2023 and 2025 — YoY compare with care
2009Q2,2009,2,114,148,0.7702702702702703,173053,0.0008552293228086193,California,"June 30, 2026",New_ZEV_Sales_Last_updated_07-17-2026_ada.xlsx,LDV_Sales_and_Shares_Last_updated_07-17-2026_ada.xlsx,https://www.energy.ca.gov/filebrowser/download/9805?fid=9805,https://www.energy.ca.gov/filebrowser/download/9806?fid=9806,SRC-CEC-001,https://www.energy.ca.gov/files/zev-and-infrastructure-stats-data,2026-08-07,reported,calculated,CEC new ZEV sales inferred from DMV registrations; methodology updated 2023 and 2025 — YoY compare with care
2009Q3,2009,3,64,235,0.2723404255319149,195098,0.0012045228551804735,California,"June 30, 2026",New_ZEV_Sales_Last_updated_07-17-2026_ada.xlsx,LDV_Sales_and_Shares_Last_updated_07-17-2026_ada.xlsx,https://www.energy.ca.gov/filebrowser/download/9805?fid=9805,https://www.energy.ca.gov/filebrowser/download/9806?fid=9806,SRC-CEC-001,https://www.energy.ca.gov/files/zev-and-infrastructure-stats-data,2026-08-07,reported,calculated,CEC new ZEV sales inferred from DMV registrations; methodology updated 2023 and 2025 — YoY compare with care
2009Q4,2009,4,25,70,0.35714285714285715,178914,0.00039124942709905315,California,"June 30, 2026",New_ZEV_Sales_Last_updated_07-17-2026_ada.xlsx,LDV_Sales_and_Shares_Last_updated_07-17-2026_ada.xlsx,https://www.energy.ca.gov/filebrowser/download/9805?fid=9805,https://www.energy.ca.gov/filebrowser/download/9806?fid=9806,SRC-CEC-001,https://www.energy.ca.gov/files/zev-and-infrastructure-stats-data,2026-08-07,reported,calculated,CEC new ZEV sales inferred from DMV registrations; methodology updated 2023 and 2025 — YoY compare with care
2010Q1,2010,1,13,43,0.3023255813953488,197124,0.00021813680728881312,California,"June 30, 2026",New_ZEV_Sales_Last_updated_07-17-2026_ada.xlsx,LDV_Sales_and_Shares_Last_updated_07-17-2026_ada.xlsx,https://www.energy.ca.gov/filebrowser/download/9805?fid=9805,https://www.energy.ca.gov/filebrowser/download/9806?fid=9806,SRC-CEC-001,https://www.energy.ca.gov/files/zev-and-infrastructure-stats-data,2026-08-07,reported,calculated,CEC new ZEV sales inferred from DMV registrations; methodology updated 2023 and 2025 — YoY compare with care
2010Q2,2010,2,22,145,0.15172413793103448,248452,0.0005836137362548902,California,"June 30, 2026",New_ZEV_Sales_Last_updated_07-17-2026_ada.xlsx,LDV_Sales_and_Shares_Last_updated_07-17-2026_ada.xlsx,https://www.energy.ca.gov/filebrowser/download/9805?fid=9805,https://www.energy.ca.gov/filebrowser/download/9806?fid=9806,SRC-CEC-001,https://www.energy.ca.gov/files/zev-and-infrastructure-stats-data,2026-08-07,reported,calculated,CEC new ZEV sales inferred from DMV registrations; methodology updated 2023 and 2025 — YoY compare with care
2010Q3,2010,3,11,15,0.7333333333333333,238814,6.281038800070348e-05,California,"June 30, 2026",New_ZEV_Sales_Last_updated_07-17-2026_ada.xlsx,LDV_Sales_and_Shares_Last_updated_07-17-2026_ada.xlsx,https://www.energy.ca.gov/filebrowser/download/9805?fid=9805,https://www.energy.ca.gov/filebrowser/download/9806?fid=9806,SRC-CEC-001,https://www.energy.ca.gov/files/zev-and-infrastructure-stats-data,2026-08-07,reported,calculated,CEC new ZEV sales inferred from DMV registrations; methodology updated 2023 and 2025 — YoY compare with care
2010Q4,2010,4,17,32,0.53125,252681,0.0001266418923464764,California,"June 30, 2026",New_ZEV_Sales_Last_updated_07-17-2026_ada.xlsx,LDV_Sales_and_Shares_Last_updated_07-17-2026_ada.xlsx,https://www.energy.ca.gov/filebrowser/download/9805?fid=9805,https://www.energy.ca.gov/filebrowser/download/9806?fid=9806,SRC-CEC-001,https://www.energy.ca.gov/files/zev-and-infrastructure-stats-data,2026-08-07,reported,calculated,CEC new ZEV sales inferred from DMV registrations; methodology updated 2023 and 2025 — YoY compare with care
2011Q1,2011,1,15,484,0.030991735537190084,298648,0.0016206370040984703,California,"June 30, 2026",New_ZEV_Sales_Last_updated_07-17-2026_ada.xlsx,LDV_Sales_and_Shares_Last_updated_07-17-2026_ada.xlsx,https://www.energy.ca.gov/filebrowser/download/9805?fid=9805,https://www.energy.ca.gov/filebrowser/download/9806?fid=9806,SRC-CEC-001,https://www.energy.ca.gov/files/zev-and-infrastructure-stats-data,2026-08-07,reported,calculated,CEC new ZEV sales inferred from DMV registrations; methodology updated 2023 and 2025 — YoY compare with care
2011Q2,2011,2,29,1667,0.01739652069586083,321733,0.005181314941271178,California,"June 30, 2026",New_ZEV_Sales_Last_updated_07-17-2026_ada.xlsx,LDV_Sales_and_Shares_Last_updated_07-17-2026_ada.xlsx,https://www.energy.ca.gov/filebrowser/download/9805?fid=9805,https://www.energy.ca.gov/filebrowser/download/9806?fid=9806,SRC-CEC-001,https://www.energy.ca.gov/files/zev-and-infrastructure-stats-data,2026-08-07,reported,calculated,CEC new ZEV sales inferred from DMV registrations; methodology updated 2023 and 2025 — YoY compare with care
2011Q3,2011,3,27,2196,0.012295081967213115,303335,0.007239520661974385,California,"June 30, 2026",New_ZEV_Sales_Last_updated_07-17-2026_ada.xlsx,LDV_Sales_and_Shares_Last_updated_07-17-2026_ada.xlsx,https://www.energy.ca.gov/filebrowser/download/9805?fid=9805,https://www.energy.ca.gov/filebrowser/download/9806?fid=9806,SRC-CEC-001,https://www.energy.ca.gov/files/zev-and-infrastructure-stats-data,2026-08-07,reported,calculated,CEC new ZEV sales inferred from DMV registrations; methodology updated 2023 and 2025 — YoY compare with care
2011Q4,2011,4,22,1574,0.01397712833545108,314850,0.004999205971097348,California,"June 30, 2026",New_ZEV_Sales_Last_updated_07-17-2026_ada.xlsx,LDV_Sales_and_Shares_Last_updated_07-17-2026_ada.xlsx,https://www.energy.ca.gov/filebrowser/download/9805?fid=9805,https://www.energy.ca.gov/filebrowser/download/9806?fid=9806,SRC-CEC-001,https://www.energy.ca.gov/files/zev-and-infrastructure-stats-data,2026-08-07,reported,calculated,CEC new ZEV sales inferred from DMV registrations; methodology updated 2023 and 2025 — YoY compare with care
2012Q1,2012,1,6,1680,0.0035714285714285713,411933,0.004078333126989098,California,"June 30, 2026",New_ZEV_Sales_Last_updated_07-17-2026_ada.xlsx,LDV_Sales_and_Shares_Last_updated_07-17-2026_ada.xlsx,https://www.energy.ca.gov/filebrowser/download/9805?fid=9805,https://www.energy.ca.gov/filebrowser/download/9806?fid=9806,SRC-CEC-001,https://www.energy.ca.gov/files/zev-and-infrastructure-stats-data,2026-08-07,reported,calculated,CEC new ZEV sales inferred from DMV registrations; methodology updated 2023 and 2025 — YoY compare with care
2012Q2,2012,2,8,3882,0.0020607934054611026,384061,0.010107769338724837,California,"June 30, 2026",New_ZEV_Sales_Last_updated_07-17-2026_ada.xlsx,LDV_Sales_and_Shares_Last_updated_07-17-2026_ada.xlsx,https://www.energy.ca.gov/filebrowser/download/9805?fid=9805,https://www.energy.ca.gov/filebrowser/download/9806?fid=9806,SRC-CEC-001,https://www.energy.ca.gov/files/zev-and-infrastructure-stats-data,2026-08-07,reported,calculated,CEC new ZEV sales inferred from DMV registrations; methodology updated 2023 and 2025 — YoY compare with care
2012Q3,2012,3,15,4287,0.0034989503149055285,392963,0.010909424042467102,California,"June 30, 2026",New_ZEV_Sales_Last_updated_07-17-2026_ada.xlsx,LDV_Sales_and_Shares_Last_updated_07-17-2026_ada.xlsx,https://www.energy.ca.gov/filebrowser/download/9805?fid=9805,https://www.energy.ca.gov/filebrowser/download/9806?fid=9806,SRC-CEC-001,https://www.energy.ca.gov/files/zev-and-infrastructure-stats-data,2026-08-07,reported,calculated,CEC new ZEV sales inferred from DMV registrations; methodology updated 2023 and 2025 — YoY compare with care
2012Q4,2012,4,477,6563,0.07268017674843821,326708,0.02008827454485351,California,"June 30, 2026",New_ZEV_Sales_Last_updated_07-17-2026_ada.xlsx,LDV_Sales_and_Shares_Last_updated_07-17-2026_ada.xlsx,https://www.energy.ca.gov/filebrowser/download/9805?fid=9805,https://www.energy.ca.gov/filebrowser/download/9806?fid=9806,SRC-CEC-001,https://www.energy.ca.gov/files/zev-and-infrastructure-stats-data,2026-08-07,reported,calculated,CEC new ZEV sales inferred from DMV registrations; methodology updated 2023 and 2025 — YoY compare with care
2013Q1,2013,1,2338,6970,0.33543758967001436,422380,0.01650172830152943,California,"June 30, 2026",New_ZEV_Sales_Last_updated_07-17-2026_ada.xlsx,LDV_Sales_and_Shares_Last_updated_07-17-2026_ada.xlsx,https://www.energy.ca.gov/filebrowser/download/9805?fid=9805,https://www.energy.ca.gov/filebrowser/download/9806?fid=9806,SRC-CEC-001,https://www.energy.ca.gov/files/zev-and-infrastructure-stats-data,2026-08-07,reported,calculated,CEC new ZEV sales inferred from DMV registrations; methodology updated 2023 and 2025 — YoY compare with care
2013Q2,2013,2,2218,8299,0.267261115797084,421693,0.01968019388512496,California,"June 30, 2026",New_ZEV_Sales_Last_updated_07-17-2026_ada.xlsx,LDV_Sales_and_Shares_Last_updated_07-17-2026_ada.xlsx,https://www.energy.ca.gov/filebrowser/download/9805?fid=9805,https://www.energy.ca.gov/filebrowser/download/9806?fid=9806,SRC-CEC-001,https://www.energy.ca.gov/files/zev-and-infrastructure-stats-data,2026-08-07,reported,calculated,CEC new ZEV sales inferred from DMV registrations; methodology updated 2023 and 2025 — YoY compare with care
2013Q3,2013,3,1748,9729,0.17966903073286053,426434,0.02281478493741118,California,"June 30, 2026",New_ZEV_Sales_Last_updated_07-17-2026_ada.xlsx,LDV_Sales_and_Shares_Last_updated_07-17-2026_ada.xlsx,https://www.energy.ca.gov/filebrowser/download/9805?fid=9805,https://www.energy.ca.gov/filebrowser/download/9806?fid=9806,SRC-CEC-001,https://www.energy.ca.gov/files/zev-and-infrastructure-stats-data,2026-08-07,reported,calculated,CEC new ZEV sales inferred from DMV registrations; methodology updated 2023 and 2025 — YoY compare with care
2013Q4,2013,4,1555,12273,0.12670088812841196,359110,0.034176157723260284,California,"June 30, 2026",New_ZEV_Sales_Last_updated_07-17-2026_ada.xlsx,LDV_Sales_and_Shares_Last_updated_07-17-2026_ada.xlsx,https://www.energy.ca.gov/filebrowser/download/9805?fid=9805,https://www.energy.ca.gov/filebrowser/download/9806?fid=9806,SRC-CEC-001,https://www.energy.ca.gov/files/zev-and-infrastructure-stats-data,2026-08-07,reported,calculated,CEC new ZEV sales inferred from DMV registrations; methodology updated 2023 and 2025 — YoY compare with care
2014Q1,2014,1,1332,11563,0.11519501859379054,436827,0.026470433375226348,California,"June 30, 2026",New_ZEV_Sales_Last_updated_07-17-2026_ada.xlsx,LDV_Sales_and_Shares_Last_updated_07-17-2026_ada.xlsx,https://www.energy.ca.gov/filebrowser/download/9805?fid=9805,https://www.energy.ca.gov/filebrowser/download/9806?fid=9806,SRC-CEC-001,https://www.energy.ca.gov/files/zev-and-infrastructure-stats-data,2026-08-07,reported,calculated,CEC new ZEV sales inferred from DMV registrations; methodology updated 2023 and 2025 — YoY compare with care
2014Q2,2014,2,1504,15343,0.0980251580525321,483534,0.03173096411007292,California,"June 30, 2026",New_ZEV_Sales_Last_updated_07-17-2026_ada.xlsx,LDV_Sales_and_Shares_Last_updated_07-17-2026_ada.xlsx,https://www.energy.ca.gov/filebrowser/download/9805?fid=9805,https://www.energy.ca.gov/filebrowser/download/9806?fid=9806,SRC-CEC-001,https://www.energy.ca.gov/files/zev-and-infrastructure-stats-data,2026-08-07,reported,calculated,CEC new ZEV sales inferred from DMV registrations; methodology updated 2023 and 2025 — YoY compare with care
2014Q3,2014,3,1043,15060,0.06925630810092961,472067,0.031902251163500095,California,"June 30, 2026",New_ZEV_Sales_Last_updated_07-17-2026_ada.xlsx,LDV_Sales_and_Shares_Last_updated_07-17-2026_ada.xlsx,https://www.energy.ca.gov/filebrowser/download/9805?fid=9805,https://www.energy.ca.gov/filebrowser/download/9806?fid=9806,SRC-CEC-001,https://www.energy.ca.gov/files/zev-and-infrastructure-stats-data,2026-08-07,reported,calculated,CEC new ZEV sales inferred from DMV registrations; methodology updated 2023 and 2025 — YoY compare with care
2014Q4,2014,4,2047,13436,0.1523518904435844,397178,0.03382866120479986,California,"June 30, 2026",New_ZEV_Sales_Last_updated_07-17-2026_ada.xlsx,LDV_Sales_and_Shares_Last_updated_07-17-2026_ada.xlsx,https://www.energy.ca.gov/filebrowser/download/9805?fid=9805,https://www.energy.ca.gov/filebrowser/download/9806?fid=9806,SRC-CEC-001,https://www.energy.ca.gov/files/zev-and-infrastructure-stats-data,2026-08-07,reported,calculated,CEC new ZEV sales inferred from DMV registrations; methodology updated 2023 and 2025 — YoY compare with care
2015Q1,2015,1,2346,12069,0.1943823017648521,497291,0.024269492108242457,California,"June 30, 2026",New_ZEV_Sales_Last_updated_07-17-2026_ada.xlsx,LDV_Sales_and_Shares_Last_updated_07-17-2026_ada.xlsx,https://www.energy.ca.gov/filebrowser/download/9805?fid=9805,https://www.energy.ca.gov/filebrowser/download/9806?fid=9806,SRC-CEC-001,https://www.energy.ca.gov/files/zev-and-infrastructure-stats-data,2026-08-07,reported,calculated,CEC new ZEV sales inferred from DMV registrations; methodology updated 2023 and 2025 — YoY compare with care
2015Q2,2015,2,2209,12452,0.17740122068743977,481409,0.02586573994254366,California,"June 30, 2026",New_ZEV_Sales_Last_updated_07-17-2026_ada.xlsx,LDV_Sales_and_Shares_Last_updated_07-17-2026_ada.xlsx,https://www.energy.ca.gov/filebrowser/download/9805?fid=9805,https://www.energy.ca.gov/filebrowser/download/9806?fid=9806,SRC-CEC-001,https://www.energy.ca.gov/files/zev-and-infrastructure-stats-data,2026-08-07,reported,calculated,CEC new ZEV sales inferred from DMV registrations; methodology updated 2023 and 2025 — YoY compare with care
2015Q3,2015,3,2239,12355,0.1812221772561716,486495,0.02539594445986084,California,"June 30, 2026",New_ZEV_Sales_Last_updated_07-17-2026_ada.xlsx,LDV_Sales_and_Shares_Last_updated_07-17-2026_ada.xlsx,https://www.energy.ca.gov/filebrowser/download/9805?fid=9805,https://www.energy.ca.gov/filebrowser/download/9806?fid=9806,SRC-CEC-001,https://www.energy.ca.gov/files/zev-and-infrastructure-stats-data,2026-08-07,reported,calculated,CEC new ZEV sales inferred from DMV registrations; methodology updated 2023 and 2025 — YoY compare with care
2015Q4,2015,4,2783,17386,0.1600713217531347,479156,0.03628463381445709,California,"June 30, 2026",New_ZEV_Sales_Last_updated_07-17-2026_ada.xlsx,LDV_Sales_and_Shares_Last_updated_07-17-2026_ada.xlsx,https://www.energy.ca.gov/filebrowser/download/9805?fid=9805,https://www.energy.ca.gov/filebrowser/download/9806?fid=9806,SRC-CEC-001,https://www.energy.ca.gov/files/zev-and-infrastructure-stats-data,2026-08-07,reported,calculated,CEC new ZEV sales inferred from DMV registrations; methodology updated 2023 and 2025 — YoY compare with care
2016Q1,2016,1,2620,16187,0.16185828133687527,555892,0.029118965554460217,California,"June 30, 2026",New_ZEV_Sales_Last_updated_07-17-2026_ada.xlsx,LDV_Sales_and_Shares_Last_updated_07-17-2026_ada.xlsx,https://www.energy.ca.gov/filebrowser/download/9805?fid=9805,https://www.energy.ca.gov/filebrowser/download/9806?fid=9806,SRC-CEC-001,https://www.energy.ca.gov/files/zev-and-infrastructure-stats-data,2026-08-07,reported,calculated,CEC new ZEV sales inferred from DMV registrations; methodology updated 2023 and 2025 — YoY compare with care
2016Q2,2016,2,4584,15599,0.29386499134559907,517721,0.030130128003306802,California,"June 30, 2026",New_ZEV_Sales_Last_updated_07-17-2026_ada.xlsx,LDV_Sales_and_Shares_Last_updated_07-17-2026_ada.xlsx,https://www.energy.ca.gov/filebrowser/download/9805?fid=9805,https://www.energy.ca.gov/filebrowser/download/9806?fid=9806,SRC-CEC-001,https://www.energy.ca.gov/files/zev-and-infrastructure-stats-data,2026-08-07,reported,calculated,CEC new ZEV sales inferred from DMV registrations; methodology updated 2023 and 2025 — YoY compare with care
2016Q3,2016,3,4844,19041,0.2543984034451972,528525,0.036026678019015185,California,"June 30, 2026",New_ZEV_Sales_Last_updated_07-17-2026_ada.xlsx,LDV_Sales_and_Shares_Last_updated_07-17-2026_ada.xlsx,https://www.energy.ca.gov/filebrowser/download/9805?fid=9805,https://www.energy.ca.gov/filebrowser/download/9806?fid=9806,SRC-CEC-001,https://www.energy.ca.gov/files/zev-and-infrastructure-stats-data,2026-08-07,reported,calculated,CEC new ZEV sales inferred from DMV registrations; methodology updated 2023 and 2025 — YoY compare with care
2016Q4,2016,4,3804,18077,0.2104331470929911,442679,0.04083545865062495,California,"June 30, 2026",New_ZEV_Sales_Last_updated_07-17-2026_ada.xlsx,LDV_Sales_and_Shares_Last_updated_07-17-2026_ada.xlsx,https://www.energy.ca.gov/filebrowser/download/9805?fid=9805,https://www.energy.ca.gov/filebrowser/download/9806?fid=9806,SRC-CEC-001,https://www.energy.ca.gov/files/zev-and-infrastructure-stats-data,2026-08-07,reported,calculated,CEC new ZEV sales inferred from DMV registrations; methodology updated 2023 and 2025 — YoY compare with care
2017Q1,2017,1,4124,23931,0.17232877857172704,534321,0.04478768380804797,California,"June 30, 2026",New_ZEV_Sales_Last_updated_07-17-2026_ada.xlsx,LDV_Sales_and_Shares_Last_updated_07-17-2026_ada.xlsx,https://www.energy.ca.gov/filebrowser/download/9805?fid=9805,https://www.energy.ca.gov/filebrowser/download/9806?fid=9806,SRC-CEC-001,https://www.energy.ca.gov/files/zev-and-infrastructure-stats-data,2026-08-07,reported,calculated,CEC new ZEV sales inferred from DMV registrations; methodology updated 2023 and 2025 — YoY compare with care
2017Q2,2017,2,3888,20956,0.18553158999809125,505185,0.04148183338776884,California,"June 30, 2026",New_ZEV_Sales_Last_updated_07-17-2026_ada.xlsx,LDV_Sales_and_Shares_Last_updated_07-17-2026_ada.xlsx,https://www.energy.ca.gov/filebrowser/download/9805?fid=9805,https://www.energy.ca.gov/filebrowser/download/9806?fid=9806,SRC-CEC-001,https://www.energy.ca.gov/files/zev-and-infrastructure-stats-data,2026-08-07,reported,calculated,CEC new ZEV sales inferred from DMV registrations; methodology updated 2023 and 2025 — YoY compare with care
2017Q3,2017,3,3638,21983,0.16549151617158714,508016,0.043272259141444364,California,"June 30, 2026",New_ZEV_Sales_Last_updated_07-17-2026_ada.xlsx,LDV_Sales_and_Shares_Last_updated_07-17-2026_ada.xlsx,https://www.energy.ca.gov/filebrowser/download/9805?fid=9805,https://www.energy.ca.gov/filebrowser/download/9806?fid=9806,SRC-CEC-001,https://www.energy.ca.gov/files/zev-and-infrastructure-stats-data,2026-08-07,reported,calculated,CEC new ZEV sales inferred from DMV registrations; methodology updated 2023 and 2025 — YoY compare with care
2017Q4,2017,4,4827,23527,0.20516852977430186,458372,0.05132730620544012,California,"June 30, 2026",New_ZEV_Sales_Last_updated_07-17-2026_ada.xlsx,LDV_Sales_and_Shares_Last_updated_07-17-2026_ada.xlsx,https://www.energy.ca.gov/filebrowser/download/9805?fid=9805,https://www.energy.ca.gov/filebrowser/download/9806?fid=9806,SRC-CEC-001,https://www.energy.ca.gov/files/zev-and-infrastructure-stats-data,2026-08-07,reported,calculated,CEC new ZEV sales inferred from DMV registrations; methodology updated 2023 and 2025 — YoY compare with care
2018Q1,2018,1,6580,26628,0.24710830704521555,505143,0.05271378599723247,California,"June 30, 2026",New_ZEV_Sales_Last_updated_07-17-2026_ada.xlsx,LDV_Sales_and_Shares_Last_updated_07-17-2026_ada.xlsx,https://www.energy.ca.gov/filebrowser/download/9805?fid=9805,https://www.energy.ca.gov/filebrowser/download/9806?fid=9806,SRC-CEC-001,https://www.energy.ca.gov/files/zev-and-infrastructure-stats-data,2026-08-07,reported,calculated,CEC new ZEV sales inferred from DMV registrations; methodology updated 2023 and 2025 — YoY compare with care
2018Q2,2018,2,13707,33413,0.4102295513722204,515907,0.06476554882953711,California,"June 30, 2026",New_ZEV_Sales_Last_updated_07-17-2026_ada.xlsx,LDV_Sales_and_Shares_Last_updated_07-17-2026_ada.xlsx,https://www.energy.ca.gov/filebrowser/download/9805?fid=9805,https://www.energy.ca.gov/filebrowser/download/9806?fid=9806,SRC-CEC-001,https://www.energy.ca.gov/files/zev-and-infrastructure-stats-data,2026-08-07,reported,calculated,CEC new ZEV sales inferred from DMV registrations; methodology updated 2023 and 2025 — YoY compare with care
2018Q3,2018,3,22726,42624,0.5331737987987988,488314,0.08728809741273033,California,"June 30, 2026",New_ZEV_Sales_Last_updated_07-17-2026_ada.xlsx,LDV_Sales_and_Shares_Last_updated_07-17-2026_ada.xlsx,https://www.energy.ca.gov/filebrowser/download/9805?fid=9805,https://www.energy.ca.gov/filebrowser/download/9806?fid=9806,SRC-CEC-001,https://www.energy.ca.gov/files/zev-and-infrastructure-stats-data,2026-08-07,reported,calculated,CEC new ZEV sales inferred from DMV registrations; methodology updated 2023 and 2025 — YoY compare with care
2018Q4,2018,4,25820,47245,0.5465128585035454,461247,0.10242885048574842,California,"June 30, 2026",New_ZEV_Sales_Last_updated_07-17-2026_ada.xlsx,LDV_Sales_and_Shares_Last_updated_07-17-2026_ada.xlsx,https://www.energy.ca.gov/filebrowser/download/9805?fid=9805,https://www.energy.ca.gov/filebrowser/download/9806?fid=9806,SRC-CEC-001,https://www.energy.ca.gov/files/zev-and-infrastructure-stats-data,2026-08-07,reported,calculated,CEC new ZEV sales inferred from DMV registrations; methodology updated 2023 and 2025 — YoY compare with care
2019Q1,2019,1,19657,36053,0.5452250852910993,483130,0.07462380725684599,California,"June 30, 2026",New_ZEV_Sales_Last_updated_07-17-2026_ada.xlsx,LDV_Sales_and_Shares_Last_updated_07-17-2026_ada.xlsx,https://www.energy.ca.gov/filebrowser/download/9805?fid=9805,https://www.energy.ca.gov/filebrowser/download/9806?fid=9806,SRC-CEC-001,https://www.energy.ca.gov/files/zev-and-infrastructure-stats-data,2026-08-07,reported,calculated,CEC new ZEV sales inferred from DMV registrations; methodology updated 2023 and 2025 — YoY compare with care
2019Q2,2019,2,18524,36258,0.510894147498483,499652,0.07256650628837671,California,"June 30, 2026",New_ZEV_Sales_Last_updated_07-17-2026_ada.xlsx,LDV_Sales_and_Shares_Last_updated_07-17-2026_ada.xlsx,https://www.energy.ca.gov/filebrowser/download/9805?fid=9805,https://www.energy.ca.gov/filebrowser/download/9806?fid=9806,SRC-CEC-001,https://www.energy.ca.gov/files/zev-and-infrastructure-stats-data,2026-08-07,reported,calculated,CEC new ZEV sales inferred from DMV registrations; methodology updated 2023 and 2025 — YoY compare with care
2019Q3,2019,3,17572,36848,0.47687798523664787,473801,0.07777104733843955,California,"June 30, 2026",New_ZEV_Sales_Last_updated_07-17-2026_ada.xlsx,LDV_Sales_and_Shares_Last_updated_07-17-2026_ada.xlsx,https://www.energy.ca.gov/filebrowser/download/9805?fid=9805,https://www.energy.ca.gov/filebrowser/download/9806?fid=9806,SRC-CEC-001,https://www.energy.ca.gov/files/zev-and-infrastructure-stats-data,2026-08-07,reported,calculated,CEC new ZEV sales inferred from DMV registrations; methodology updated 2023 and 2025 — YoY compare with care
2019Q4,2019,4,12796,28820,0.4439972241498959,424739,0.06785343469754367,California,"June 30, 2026",New_ZEV_Sales_Last_updated_07-17-2026_ada.xlsx,LDV_Sales_and_Shares_Last_updated_07-17-2026_ada.xlsx,https://www.energy.ca.gov/filebrowser/download/9805?fid=9805,https://www.energy.ca.gov/filebrowser/download/9806?fid=9806,SRC-CEC-001,https://www.energy.ca.gov/files/zev-and-infrastructure-stats-data,2026-08-07,reported,calculated,CEC new ZEV sales inferred from DMV registrations; methodology updated 2023 and 2025 — YoY compare with care
2020Q1,2020,1,22626,36147,0.6259440617478629,445221,0.08118889270721731,California,"June 30, 2026",New_ZEV_Sales_Last_updated_07-17-2026_ada.xlsx,LDV_Sales_and_Shares_Last_updated_07-17-2026_ada.xlsx,https://www.energy.ca.gov/filebrowser/download/9805?fid=9805,https://www.energy.ca.gov/filebrowser/download/9806?fid=9806,SRC-CEC-001,https://www.energy.ca.gov/files/zev-and-infrastructure-stats-data,2026-08-07,reported,calculated,CEC new ZEV sales inferred from DMV registrations; methodology updated 2023 and 2025 — YoY compare with care
2020Q2,2020,2,10523,16759,0.6279014260994092,264062,0.06346615567556105,California,"June 30, 2026",New_ZEV_Sales_Last_updated_07-17-2026_ada.xlsx,LDV_Sales_and_Shares_Last_updated_07-17-2026_ada.xlsx,https://www.energy.ca.gov/filebrowser/download/9805?fid=9805,https://www.energy.ca.gov/filebrowser/download/9806?fid=9806,SRC-CEC-001,https://www.energy.ca.gov/files/zev-and-infrastructure-stats-data,2026-08-07,reported,calculated,CEC new ZEV sales inferred from DMV registrations; methodology updated 2023 and 2025 — YoY compare with care
2020Q3,2020,3,16511,27237,0.6061974519954474,378008,0.07205403060252694,California,"June 30, 2026",New_ZEV_Sales_Last_updated_07-17-2026_ada.xlsx,LDV_Sales_and_Shares_Last_updated_07-17-2026_ada.xlsx,https://www.energy.ca.gov/filebrowser/download/9805?fid=9805,https://www.energy.ca.gov/filebrowser/download/9806?fid=9806,SRC-CEC-001,https://www.energy.ca.gov/files/zev-and-infrastructure-stats-data,2026-08-07,reported,calculated,CEC new ZEV sales inferred from DMV registrations; methodology updated 2023 and 2025 — YoY compare with care
2020Q4,2020,4,21812,36847,0.5919613537058648,408990,0.09009266730237903,California,"June 30, 2026",New_ZEV_Sales_Last_updated_07-17-2026_ada.xlsx,LDV_Sales_and_Shares_Last_updated_07-17-2026_ada.xlsx,https://www.energy.ca.gov/filebrowser/download/9805?fid=9805,https://www.energy.ca.gov/filebrowser/download/9806?fid=9806,SRC-CEC-001,https://www.energy.ca.gov/files/zev-and-infrastructure-stats-data,2026-08-07,reported,calculated,CEC new ZEV sales inferred from DMV registrations; methodology updated 2023 and 2025 — YoY compare with care
2021Q1,2021,1,25052,43656,0.5738501007879787,441031,0.09898623906256022,California,"June 30, 2026",New_ZEV_Sales_Last_updated_07-17-2026_ada.xlsx,LDV_Sales_and_Shares_Last_updated_07-17-2026_ada.xlsx,https://www.energy.ca.gov/filebrowser/download/9805?fid=9805,https://www.energy.ca.gov/filebrowser/download/9806?fid=9806,SRC-CEC-001,https://www.energy.ca.gov/files/zev-and-infrastructure-stats-data,2026-08-07,reported,calculated,CEC new ZEV sales inferred from DMV registrations; methodology updated 2023 and 2025 — YoY compare with care
2021Q2,2021,2,22784,56259,0.4049840914342594,502251,0.11201371425840864,California,"June 30, 2026",New_ZEV_Sales_Last_updated_07-17-2026_ada.xlsx,LDV_Sales_and_Shares_Last_updated_07-17-2026_ada.xlsx,https://www.energy.ca.gov/filebrowser/download/9805?fid=9805,https://www.energy.ca.gov/filebrowser/download/9806?fid=9806,SRC-CEC-001,https://www.energy.ca.gov/files/zev-and-infrastructure-stats-data,2026-08-07,reported,calculated,CEC new ZEV sales inferred from DMV registrations; methodology updated 2023 and 2025 — YoY compare with care
2021Q3,2021,3,31848,56706,0.5616336895566607,414603,0.1367718033878192,California,"June 30, 2026",New_ZEV_Sales_Last_updated_07-17-2026_ada.xlsx,LDV_Sales_and_Shares_Last_updated_07-17-2026_ada.xlsx,https://www.energy.ca.gov/filebrowser/download/9805?fid=9805,https://www.energy.ca.gov/filebrowser/download/9806?fid=9806,SRC-CEC-001,https://www.energy.ca.gov/files/zev-and-infrastructure-stats-data,2026-08-07,reported,calculated,CEC new ZEV sales inferred from DMV registrations; methodology updated 2023 and 2025 — YoY compare with care
2021Q4,2021,4,39170,59494,0.6583857195683598,349980,0.16999257100405737,California,"June 30, 2026",New_ZEV_Sales_Last_updated_07-17-2026_ada.xlsx,LDV_Sales_and_Shares_Last_updated_07-17-2026_ada.xlsx,https://www.energy.ca.gov/filebrowser/download/9805?fid=9805,https://www.energy.ca.gov/filebrowser/download/9806?fid=9806,SRC-CEC-001,https://www.energy.ca.gov/files/zev-and-infrastructure-stats-data,2026-08-07,reported,calculated,CEC new ZEV sales inferred from DMV registrations; methodology updated 2023 and 2025 — YoY compare with care
2022Q1,2022,1,46564,69136,0.6735130756769266,397851,0.17377359865879438,California,"June 30, 2026",New_ZEV_Sales_Last_updated_07-17-2026_ada.xlsx,LDV_Sales_and_Shares_Last_updated_07-17-2026_ada.xlsx,https://www.energy.ca.gov/filebrowser/download/9805?fid=9805,https://www.energy.ca.gov/filebrowser/download/9806?fid=9806,SRC-CEC-001,https://www.energy.ca.gov/files/zev-and-infrastructure-stats-data,2026-08-07,reported,calculated,CEC new ZEV sales inferred from DMV registrations; methodology updated 2023 and 2025 — YoY compare with care
2022Q2,2022,2,41589,71982,0.5777694423605901,404714,0.17785893248071477,California,"June 30, 2026",New_ZEV_Sales_Last_updated_07-17-2026_ada.xlsx,LDV_Sales_and_Shares_Last_updated_07-17-2026_ada.xlsx,https://www.energy.ca.gov/filebrowser/download/9805?fid=9805,https://www.energy.ca.gov/filebrowser/download/9806?fid=9806,SRC-CEC-001,https://www.energy.ca.gov/files/zev-and-infrastructure-stats-data,2026-08-07,reported,calculated,CEC new ZEV sales inferred from DMV registrations; methodology updated 2023 and 2025 — YoY compare with care
2022Q3,2022,3,42819,75944,0.5638233435162752,376602,0.20165585950154274,California,"June 30, 2026",New_ZEV_Sales_Last_updated_07-17-2026_ada.xlsx,LDV_Sales_and_Shares_Last_updated_07-17-2026_ada.xlsx,https://www.energy.ca.gov/filebrowser/download/9805?fid=9805,https://www.energy.ca.gov/filebrowser/download/9806?fid=9806,SRC-CEC-001,https://www.energy.ca.gov/files/zev-and-infrastructure-stats-data,2026-08-07,reported,calculated,CEC new ZEV sales inferred from DMV registrations; methodology updated 2023 and 2025 — YoY compare with care
2022Q4,2022,4,54901,91300,0.6013253012048193,401616,0.2273315804151229,California,"June 30, 2026",New_ZEV_Sales_Last_updated_07-17-2026_ada.xlsx,LDV_Sales_and_Shares_Last_updated_07-17-2026_ada.xlsx,https://www.energy.ca.gov/filebrowser/download/9805?fid=9805,https://www.energy.ca.gov/filebrowser/download/9806?fid=9806,SRC-CEC-001,https://www.energy.ca.gov/files/zev-and-infrastructure-stats-data,2026-08-07,reported,calculated,CEC new ZEV sales inferred from DMV registrations; methodology updated 2023 and 2025 — YoY compare with care
2023Q1,2023,1,50618,99285,0.5098252505413708,427650,0.2321641529287969,California,"June 30, 2026",New_ZEV_Sales_Last_updated_07-17-2026_ada.xlsx,LDV_Sales_and_Shares_Last_updated_07-17-2026_ada.xlsx,https://www.energy.ca.gov/filebrowser/download/9805?fid=9805,https://www.energy.ca.gov/filebrowser/download/9806?fid=9806,SRC-CEC-001,https://www.energy.ca.gov/files/zev-and-infrastructure-stats-data,2026-08-07,reported,calculated,CEC new ZEV sales inferred from DMV registrations; methodology updated 2023 and 2025 — YoY compare with care
2023Q2,2023,2,69295,119554,0.5796125600147214,474893,0.25174934143059596,California,"June 30, 2026",New_ZEV_Sales_Last_updated_07-17-2026_ada.xlsx,LDV_Sales_and_Shares_Last_updated_07-17-2026_ada.xlsx,https://www.energy.ca.gov/filebrowser/download/9805?fid=9805,https://www.energy.ca.gov/filebrowser/download/9806?fid=9806,SRC-CEC-001,https://www.energy.ca.gov/files/zev-and-infrastructure-stats-data,2026-08-07,reported,calculated,CEC new ZEV sales inferred from DMV registrations; methodology updated 2023 and 2025 — YoY compare with care
2023Q3,2023,3,60185,118937,0.5060241976844885,442738,0.2686396920978095,California,"June 30, 2026",New_ZEV_Sales_Last_updated_07-17-2026_ada.xlsx,LDV_Sales_and_Shares_Last_updated_07-17-2026_ada.xlsx,https://www.energy.ca.gov/filebrowser/download/9805?fid=9805,https://www.energy.ca.gov/filebrowser/download/9806?fid=9806,SRC-CEC-001,https://www.energy.ca.gov/files/zev-and-infrastructure-stats-data,2026-08-07,reported,calculated,CEC new ZEV sales inferred from DMV registrations; methodology updated 2023 and 2025 — YoY compare with care
2023Q4,2023,4,46229,102501,0.4510102340464971,412542,0.2484619747807496,California,"June 30, 2026",New_ZEV_Sales_Last_updated_07-17-2026_ada.xlsx,LDV_Sales_and_Shares_Last_updated_07-17-2026_ada.xlsx,https://www.energy.ca.gov/filebrowser/download/9805?fid=9805,https://www.energy.ca.gov/filebrowser/download/9806?fid=9806,SRC-CEC-001,https://www.energy.ca.gov/files/zev-and-infrastructure-stats-data,2026-08-07,reported,calculated,CEC new ZEV sales inferred from DMV registrations; methodology updated 2023 and 2025 — YoY compare with care
2024Q1,2024,1,48343,103017,0.4692720618926973,430081,0.23952929796945227,California,"June 30, 2026",New_ZEV_Sales_Last_updated_07-17-2026_ada.xlsx,LDV_Sales_and_Shares_Last_updated_07-17-2026_ada.xlsx,https://www.energy.ca.gov/filebrowser/download/9805?fid=9805,https://www.energy.ca.gov/filebrowser/download/9806?fid=9806,SRC-CEC-001,https://www.energy.ca.gov/files/zev-and-infrastructure-stats-data,2026-08-07,reported,calculated,CEC new ZEV sales inferred from DMV registrations; methodology updated 2023 and 2025 — YoY compare with care
2024Q2,2024,2,54774,116814,0.4688992757717397,451891,0.2585003905809144,California,"June 30, 2026",New_ZEV_Sales_Last_updated_07-17-2026_ada.xlsx,LDV_Sales_and_Shares_Last_updated_07-17-2026_ada.xlsx,https://www.energy.ca.gov/filebrowser/download/9805?fid=9805,https://www.energy.ca.gov/filebrowser/download/9806?fid=9806,SRC-CEC-001,https://www.energy.ca.gov/files/zev-and-infrastructure-stats-data,2026-08-07,reported,calculated,CEC new ZEV sales inferred from DMV registrations; methodology updated 2023 and 2025 — YoY compare with care
2024Q3,2024,3,54011,115240,0.4686827490454703,438666,0.26270556642183346,California,"June 30, 2026",New_ZEV_Sales_Last_updated_07-17-2026_ada.xlsx,LDV_Sales_and_Shares_Last_updated_07-17-2026_ada.xlsx,https://www.energy.ca.gov/filebrowser/download/9805?fid=9805,https://www.energy.ca.gov/filebrowser/download/9806?fid=9806,SRC-CEC-001,https://www.energy.ca.gov/files/zev-and-infrastructure-stats-data,2026-08-07,reported,calculated,CEC new ZEV sales inferred from DMV registrations; methodology updated 2023 and 2025 — YoY compare with care
2024Q4,2024,4,44039,108303,0.40662770191038106,431392,0.25105472516875604,California,"June 30, 2026",New_ZEV_Sales_Last_updated_07-17-2026_ada.xlsx,LDV_Sales_and_Shares_Last_updated_07-17-2026_ada.xlsx,https://www.energy.ca.gov/filebrowser/download/9805?fid=9805,https://www.energy.ca.gov/filebrowser/download/9806?fid=9806,SRC-CEC-001,https://www.energy.ca.gov/files/zev-and-infrastructure-stats-data,2026-08-07,reported,calculated,CEC new ZEV sales inferred from DMV registrations; methodology updated 2023 and 2025 — YoY compare with care
2025Q1,2025,1,37973,100953,0.3761453349578517,443073,0.22784732989823347,California,"June 30, 2026",New_ZEV_Sales_Last_updated_07-17-2026_ada.xlsx,LDV_Sales_and_Shares_Last_updated_07-17-2026_ada.xlsx,https://www.energy.ca.gov/filebrowser/download/9805?fid=9805,https://www.energy.ca.gov/filebrowser/download/9806?fid=9806,SRC-CEC-001,https://www.energy.ca.gov/files/zev-and-infrastructure-stats-data,2026-08-07,reported,calculated,CEC new ZEV sales inferred from DMV registrations; methodology updated 2023 and 2025 — YoY compare with care
2025Q2,2025,2,41524,101623,0.4086082874939728,472620,0.21502052388811307,California,"June 30, 2026",New_ZEV_Sales_Last_updated_07-17-2026_ada.xlsx,LDV_Sales_and_Shares_Last_updated_07-17-2026_ada.xlsx,https://www.energy.ca.gov/filebrowser/download/9805?fid=9805,https://www.energy.ca.gov/filebrowser/download/9806?fid=9806,SRC-CEC-001,https://www.energy.ca.gov/files/zev-and-infrastructure-stats-data,2026-08-07,reported,calculated,CEC new ZEV sales inferred from DMV registrations; methodology updated 2023 and 2025 — YoY compare with care
2025Q3,2025,3,50590,127089,0.3980674960067354,448646,0.2832723349812547,California,"June 30, 2026",New_ZEV_Sales_Last_updated_07-17-2026_ada.xlsx,LDV_Sales_and_Shares_Last_updated_07-17-2026_ada.xlsx,https://www.energy.ca.gov/filebrowser/download/9805?fid=9805,https://www.energy.ca.gov/filebrowser/download/9806?fid=9806,SRC-CEC-001,https://www.energy.ca.gov/files/zev-and-infrastructure-stats-data,2026-08-07,reported,calculated,CEC new ZEV sales inferred from DMV registrations; methodology updated 2023 and 2025 — YoY compare with care
2025Q4,2025,4,39563,79066,0.500379429843422,418327,0.1890052518723391,California,"June 30, 2026",New_ZEV_Sales_Last_updated_07-17-2026_ada.xlsx,LDV_Sales_and_Shares_Last_updated_07-17-2026_ada.xlsx,https://www.energy.ca.gov/filebrowser/download/9805?fid=9805,https://www.energy.ca.gov/filebrowser/download/9806?fid=9806,SRC-CEC-001,https://www.energy.ca.gov/files/zev-and-infrastructure-stats-data,2026-08-07,reported,calculated,CEC new ZEV sales inferred from DMV registrations; methodology updated 2023 and 2025 — YoY compare with care
2026Q1,2026,1,32382,64668,0.500742252737057,410265,0.15762494972761507,California,"June 30, 2026",New_ZEV_Sales_Last_updated_07-17-2026_ada.xlsx,LDV_Sales_and_Shares_Last_updated_07-17-2026_ada.xlsx,https://www.energy.ca.gov/filebrowser/download/9805?fid=9805,https://www.energy.ca.gov/filebrowser/download/9806?fid=9806,SRC-CEC-001,https://www.energy.ca.gov/files/zev-and-infrastructure-stats-data,2026-08-07,reported,calculated,CEC new ZEV sales inferred from DMV registrations; methodology updated 2023 and 2025 — YoY compare with care
2026Q2,2026,2,45102,86857,0.5192673014264826,455038,0.19087856398806252,California,"June 30, 2026",New_ZEV_Sales_Last_updated_07-17-2026_ada.xlsx,LDV_Sales_and_Shares_Last_updated_07-17-2026_ada.xlsx,https://www.energy.ca.gov/filebrowser/download/9805?fid=9805,https://www.energy.ca.gov/filebrowser/download/9806?fid=9806,SRC-CEC-001,https://www.energy.ca.gov/files/zev-and-infrastructure-stats-data,2026-08-07,reported,calculated,CEC new ZEV sales inferred from DMV registrations; methodology updated 2023 and 2025 — YoY compare with care
