Period_ID,Reporting_Period,Vehicle_Group,Vehicles_Produced,Vehicles_Delivered,Energy_Storage_GWh,Production_Delivery_Gap,Delivery_Conversion_Rate,Publication_Date,Source_File,Source_ID,Vehicle_Group_As_Reported,Format_Flags,Metric_Notes
2022Q1,2022-01-01 to 2022-03-31,Model 3/Y,291189,295324,,-4135,1.0142,2022-04-04,tesla_production_deliveries_Q1_2022_2022-04-04_tsla-ex991_6.htm,SRC-TESLA-IR-001-Q1_2022,Model 3/Y,vehicle_group_label=Model_S_X|release_title=Vehicle_Production_Deliveries|energy_storage=not_disclosed_in_release,Vehicles_Produced/Delivered=reported; Production_Delivery_Gap=calculated(Produced-Delivered); Delivery_Conversion_Rate=calculated(Delivered/Produced); Energy_Storage_GWh=null
2022Q1,2022-01-01 to 2022-03-31,Model S/X,14218,14724,,-506,1.035589,2022-04-04,tesla_production_deliveries_Q1_2022_2022-04-04_tsla-ex991_6.htm,SRC-TESLA-IR-001-Q1_2022,Model S/X,vehicle_group_label=Model_S_X|release_title=Vehicle_Production_Deliveries|energy_storage=not_disclosed_in_release,Vehicles_Produced/Delivered=reported; Production_Delivery_Gap=calculated(Produced-Delivered); Delivery_Conversion_Rate=calculated(Delivered/Produced); Energy_Storage_GWh=null
2022Q1,2022-01-01 to 2022-03-31,Total,305407,310048,,-4641,1.015196,2022-04-04,tesla_production_deliveries_Q1_2022_2022-04-04_tsla-ex991_6.htm,SRC-TESLA-IR-001-Q1_2022,Total,vehicle_group_label=Model_S_X|release_title=Vehicle_Production_Deliveries|energy_storage=not_disclosed_in_release,Vehicles_Produced/Delivered=reported; Production_Delivery_Gap=calculated(Produced-Delivered); Delivery_Conversion_Rate=calculated(Delivered/Produced); Energy_Storage_GWh=null
2022Q2,2022-04-01 to 2022-06-30,Model 3/Y,242169,238533,,3636,0.984986,2022-07-05,tesla_production_deliveries_Q2_2022_2022-07-05_tsla-ex991_6.htm,SRC-TESLA-IR-001-Q2_2022,Model 3/Y,vehicle_group_label=Model_S_X|release_title=Vehicle_Production_Deliveries|energy_storage=not_disclosed_in_release,Vehicles_Produced/Delivered=reported; Production_Delivery_Gap=calculated(Produced-Delivered); Delivery_Conversion_Rate=calculated(Delivered/Produced); Energy_Storage_GWh=null
2022Q2,2022-04-01 to 2022-06-30,Model S/X,16411,16162,,249,0.984827,2022-07-05,tesla_production_deliveries_Q2_2022_2022-07-05_tsla-ex991_6.htm,SRC-TESLA-IR-001-Q2_2022,Model S/X,vehicle_group_label=Model_S_X|release_title=Vehicle_Production_Deliveries|energy_storage=not_disclosed_in_release,Vehicles_Produced/Delivered=reported; Production_Delivery_Gap=calculated(Produced-Delivered); Delivery_Conversion_Rate=calculated(Delivered/Produced); Energy_Storage_GWh=null
2022Q2,2022-04-01 to 2022-06-30,Total,258580,254695,,3885,0.984976,2022-07-05,tesla_production_deliveries_Q2_2022_2022-07-05_tsla-ex991_6.htm,SRC-TESLA-IR-001-Q2_2022,Total,vehicle_group_label=Model_S_X|release_title=Vehicle_Production_Deliveries|energy_storage=not_disclosed_in_release,Vehicles_Produced/Delivered=reported; Production_Delivery_Gap=calculated(Produced-Delivered); Delivery_Conversion_Rate=calculated(Delivered/Produced); Energy_Storage_GWh=null
2022Q3,2022-07-01 to 2022-09-30,Model 3/Y,345988,325158,,20830,0.939796,2022-10-03,tesla_production_deliveries_Q3_2022_2022-10-03_tsla-ex991_6.htm,SRC-TESLA-IR-001-Q3_2022,Model 3/Y,vehicle_group_label=Model_S_X|release_title=Vehicle_Production_Deliveries|energy_storage=not_disclosed_in_release,Vehicles_Produced/Delivered=reported; Production_Delivery_Gap=calculated(Produced-Delivered); Delivery_Conversion_Rate=calculated(Delivered/Produced); Energy_Storage_GWh=null
2022Q3,2022-07-01 to 2022-09-30,Model S/X,19935,18672,,1263,0.936644,2022-10-03,tesla_production_deliveries_Q3_2022_2022-10-03_tsla-ex991_6.htm,SRC-TESLA-IR-001-Q3_2022,Model S/X,vehicle_group_label=Model_S_X|release_title=Vehicle_Production_Deliveries|energy_storage=not_disclosed_in_release,Vehicles_Produced/Delivered=reported; Production_Delivery_Gap=calculated(Produced-Delivered); Delivery_Conversion_Rate=calculated(Delivered/Produced); Energy_Storage_GWh=null
2022Q3,2022-07-01 to 2022-09-30,Total,365923,343830,,22093,0.939624,2022-10-03,tesla_production_deliveries_Q3_2022_2022-10-03_tsla-ex991_6.htm,SRC-TESLA-IR-001-Q3_2022,Total,vehicle_group_label=Model_S_X|release_title=Vehicle_Production_Deliveries|energy_storage=not_disclosed_in_release,Vehicles_Produced/Delivered=reported; Production_Delivery_Gap=calculated(Produced-Delivered); Delivery_Conversion_Rate=calculated(Delivered/Produced); Energy_Storage_GWh=null
2022Q4,2022-10-01 to 2022-12-31,Model 3/Y,419088,388131,,30957,0.926132,2023-01-03,tesla_production_deliveries_Q4_2022_2023-01-03_tsla-ex991_6.htm,SRC-TESLA-IR-001-Q4_2022,Model 3/Y,vehicle_group_label=Model_S_X|release_title=Vehicle_Production_Deliveries|energy_storage=not_disclosed_in_release,Vehicles_Produced/Delivered=reported; Production_Delivery_Gap=calculated(Produced-Delivered); Delivery_Conversion_Rate=calculated(Delivered/Produced); Energy_Storage_GWh=null
2022Q4,2022-10-01 to 2022-12-31,Model S/X,20613,17147,,3466,0.831854,2023-01-03,tesla_production_deliveries_Q4_2022_2023-01-03_tsla-ex991_6.htm,SRC-TESLA-IR-001-Q4_2022,Model S/X,vehicle_group_label=Model_S_X|release_title=Vehicle_Production_Deliveries|energy_storage=not_disclosed_in_release,Vehicles_Produced/Delivered=reported; Production_Delivery_Gap=calculated(Produced-Delivered); Delivery_Conversion_Rate=calculated(Delivered/Produced); Energy_Storage_GWh=null
2022Q4,2022-10-01 to 2022-12-31,Total,439701,405278,,34423,0.921713,2023-01-03,tesla_production_deliveries_Q4_2022_2023-01-03_tsla-ex991_6.htm,SRC-TESLA-IR-001-Q4_2022,Total,vehicle_group_label=Model_S_X|release_title=Vehicle_Production_Deliveries|energy_storage=not_disclosed_in_release,Vehicles_Produced/Delivered=reported; Production_Delivery_Gap=calculated(Produced-Delivered); Delivery_Conversion_Rate=calculated(Delivered/Produced); Energy_Storage_GWh=null
2023Q1,2023-01-01 to 2023-03-31,Model 3/Y,421371,412180,,9191,0.978188,2023-04-03,tesla_production_deliveries_Q1_2023_2023-04-03_tsla-ex991_7.htm,SRC-TESLA-IR-001-Q1_2023,Model 3/Y,vehicle_group_label=Model_S_X|release_title=Vehicle_Production_Deliveries|energy_storage=not_disclosed_in_release,Vehicles_Produced/Delivered=reported; Production_Delivery_Gap=calculated(Produced-Delivered); Delivery_Conversion_Rate=calculated(Delivered/Produced); Energy_Storage_GWh=null
2023Q1,2023-01-01 to 2023-03-31,Model S/X,19437,10695,,8742,0.550239,2023-04-03,tesla_production_deliveries_Q1_2023_2023-04-03_tsla-ex991_7.htm,SRC-TESLA-IR-001-Q1_2023,Model S/X,vehicle_group_label=Model_S_X|release_title=Vehicle_Production_Deliveries|energy_storage=not_disclosed_in_release,Vehicles_Produced/Delivered=reported; Production_Delivery_Gap=calculated(Produced-Delivered); Delivery_Conversion_Rate=calculated(Delivered/Produced); Energy_Storage_GWh=null
2023Q1,2023-01-01 to 2023-03-31,Total,440808,422875,,17933,0.959318,2023-04-03,tesla_production_deliveries_Q1_2023_2023-04-03_tsla-ex991_7.htm,SRC-TESLA-IR-001-Q1_2023,Total,vehicle_group_label=Model_S_X|release_title=Vehicle_Production_Deliveries|energy_storage=not_disclosed_in_release,Vehicles_Produced/Delivered=reported; Production_Delivery_Gap=calculated(Produced-Delivered); Delivery_Conversion_Rate=calculated(Delivered/Produced); Energy_Storage_GWh=null
2023Q2,2023-04-01 to 2023-06-30,Model 3/Y,460211,446915,,13296,0.971109,2023-07-03,tesla_production_deliveries_Q2_2023_2023-07-03_tsla-ex99_1.htm,SRC-TESLA-IR-001-Q2_2023,Model 3/Y,vehicle_group_label=Model_S_X|release_title=Vehicle_Production_Deliveries|energy_storage=not_disclosed_in_release,Vehicles_Produced/Delivered=reported; Production_Delivery_Gap=calculated(Produced-Delivered); Delivery_Conversion_Rate=calculated(Delivered/Produced); Energy_Storage_GWh=null
2023Q2,2023-04-01 to 2023-06-30,Model S/X,19489,19225,,264,0.986454,2023-07-03,tesla_production_deliveries_Q2_2023_2023-07-03_tsla-ex99_1.htm,SRC-TESLA-IR-001-Q2_2023,Model S/X,vehicle_group_label=Model_S_X|release_title=Vehicle_Production_Deliveries|energy_storage=not_disclosed_in_release,Vehicles_Produced/Delivered=reported; Production_Delivery_Gap=calculated(Produced-Delivered); Delivery_Conversion_Rate=calculated(Delivered/Produced); Energy_Storage_GWh=null
2023Q2,2023-04-01 to 2023-06-30,Total,479700,466140,,13560,0.971732,2023-07-03,tesla_production_deliveries_Q2_2023_2023-07-03_tsla-ex99_1.htm,SRC-TESLA-IR-001-Q2_2023,Total,vehicle_group_label=Model_S_X|release_title=Vehicle_Production_Deliveries|energy_storage=not_disclosed_in_release,Vehicles_Produced/Delivered=reported; Production_Delivery_Gap=calculated(Produced-Delivered); Delivery_Conversion_Rate=calculated(Delivered/Produced); Energy_Storage_GWh=null
2023Q3,2023-07-01 to 2023-09-30,Model 3/Y,416800,419074,,-2274,1.005456,2023-10-02,tesla_production_deliveries_Q3_2023_2023-10-02_tsla-ex99_1.htm,SRC-TESLA-IR-001-Q3_2023,Model 3/Y,vehicle_group_label=Model_S_X|release_title=Vehicle_Production_Deliveries|energy_storage=not_disclosed_in_release,Vehicles_Produced/Delivered=reported; Production_Delivery_Gap=calculated(Produced-Delivered); Delivery_Conversion_Rate=calculated(Delivered/Produced); Energy_Storage_GWh=null
2023Q3,2023-07-01 to 2023-09-30,Model S/X,13688,15985,,-2297,1.167811,2023-10-02,tesla_production_deliveries_Q3_2023_2023-10-02_tsla-ex99_1.htm,SRC-TESLA-IR-001-Q3_2023,Model S/X,vehicle_group_label=Model_S_X|release_title=Vehicle_Production_Deliveries|energy_storage=not_disclosed_in_release,Vehicles_Produced/Delivered=reported; Production_Delivery_Gap=calculated(Produced-Delivered); Delivery_Conversion_Rate=calculated(Delivered/Produced); Energy_Storage_GWh=null
2023Q3,2023-07-01 to 2023-09-30,Total,430488,435059,,-4571,1.010618,2023-10-02,tesla_production_deliveries_Q3_2023_2023-10-02_tsla-ex99_1.htm,SRC-TESLA-IR-001-Q3_2023,Total,vehicle_group_label=Model_S_X|release_title=Vehicle_Production_Deliveries|energy_storage=not_disclosed_in_release,Vehicles_Produced/Delivered=reported; Production_Delivery_Gap=calculated(Produced-Delivered); Delivery_Conversion_Rate=calculated(Delivered/Produced); Energy_Storage_GWh=null
2023Q4,2023-10-01 to 2023-12-31,Model 3/Y,476777,461538,,15239,0.968037,2024-01-02,tesla_production_deliveries_Q4_2023_2024-01-02_tsla-ex99_1.htm,SRC-TESLA-IR-001-Q4_2023,Model 3/Y,vehicle_group_label=Other_Models|release_title=Vehicle_Production_Deliveries|energy_storage=not_disclosed_in_release,Vehicles_Produced/Delivered=reported; Production_Delivery_Gap=calculated(Produced-Delivered); Delivery_Conversion_Rate=calculated(Delivered/Produced); Energy_Storage_GWh=null
2023Q4,2023-10-01 to 2023-12-31,Other Models,18212,22969,,-4757,1.261201,2024-01-02,tesla_production_deliveries_Q4_2023_2024-01-02_tsla-ex99_1.htm,SRC-TESLA-IR-001-Q4_2023,Other Models,vehicle_group_label=Other_Models|release_title=Vehicle_Production_Deliveries|energy_storage=not_disclosed_in_release,Vehicles_Produced/Delivered=reported; Production_Delivery_Gap=calculated(Produced-Delivered); Delivery_Conversion_Rate=calculated(Delivered/Produced); Energy_Storage_GWh=null
2023Q4,2023-10-01 to 2023-12-31,Total,494989,484507,,10482,0.978824,2024-01-02,tesla_production_deliveries_Q4_2023_2024-01-02_tsla-ex99_1.htm,SRC-TESLA-IR-001-Q4_2023,Total,vehicle_group_label=Other_Models|release_title=Vehicle_Production_Deliveries|energy_storage=not_disclosed_in_release,Vehicles_Produced/Delivered=reported; Production_Delivery_Gap=calculated(Produced-Delivered); Delivery_Conversion_Rate=calculated(Delivered/Produced); Energy_Storage_GWh=null
2024Q1,2024-01-01 to 2024-03-31,Model 3/Y,412376,369783,,42593,0.896713,2024-04-02,tesla_production_deliveries_Q1_2024_2024-04-02_tsla-ex99_1.htm,SRC-TESLA-IR-001-Q1_2024,Model 3/Y,vehicle_group_label=Other_Models|release_title=Vehicle_Production_Deliveries|energy_unit=MWh,Vehicles_Produced/Delivered=reported; Production_Delivery_Gap=calculated(Produced-Delivered); Delivery_Conversion_Rate=calculated(Delivered/Produced); Energy_Storage_GWh=null
2024Q1,2024-01-01 to 2024-03-31,Other Models,20995,17027,,3968,0.811003,2024-04-02,tesla_production_deliveries_Q1_2024_2024-04-02_tsla-ex99_1.htm,SRC-TESLA-IR-001-Q1_2024,Other Models,vehicle_group_label=Other_Models|release_title=Vehicle_Production_Deliveries|energy_unit=MWh,Vehicles_Produced/Delivered=reported; Production_Delivery_Gap=calculated(Produced-Delivered); Delivery_Conversion_Rate=calculated(Delivered/Produced); Energy_Storage_GWh=null
2024Q1,2024-01-01 to 2024-03-31,Total,433371,386810,4.053,46561,0.892561,2024-04-02,tesla_production_deliveries_Q1_2024_2024-04-02_tsla-ex99_1.htm,SRC-TESLA-IR-001-Q1_2024,Total,vehicle_group_label=Other_Models|release_title=Vehicle_Production_Deliveries|energy_unit=MWh,Vehicles_Produced/Delivered=reported; Production_Delivery_Gap=calculated(Produced-Delivered); Delivery_Conversion_Rate=calculated(Delivered/Produced); Energy_Storage_GWh=calculated
2024Q2,2024-04-01 to 2024-06-30,Model 3/Y,386576,422405,,-35829,1.092683,2024-07-02,tesla_production_deliveries_Q2_2024_2024-07-02_exhibit991.htm,SRC-TESLA-IR-001-Q2_2024,Model 3/Y,vehicle_group_label=Other_Models|release_title=Vehicle_Production_Deliveries|energy_unit=GWh,Vehicles_Produced/Delivered=reported; Production_Delivery_Gap=calculated(Produced-Delivered); Delivery_Conversion_Rate=calculated(Delivered/Produced); Energy_Storage_GWh=null
2024Q2,2024-04-01 to 2024-06-30,Other Models,24255,21551,,2704,0.888518,2024-07-02,tesla_production_deliveries_Q2_2024_2024-07-02_exhibit991.htm,SRC-TESLA-IR-001-Q2_2024,Other Models,vehicle_group_label=Other_Models|release_title=Vehicle_Production_Deliveries|energy_unit=GWh,Vehicles_Produced/Delivered=reported; Production_Delivery_Gap=calculated(Produced-Delivered); Delivery_Conversion_Rate=calculated(Delivered/Produced); Energy_Storage_GWh=null
2024Q2,2024-04-01 to 2024-06-30,Total,410831,443956,9.4,-33125,1.080629,2024-07-02,tesla_production_deliveries_Q2_2024_2024-07-02_exhibit991.htm,SRC-TESLA-IR-001-Q2_2024,Total,vehicle_group_label=Other_Models|release_title=Vehicle_Production_Deliveries|energy_unit=GWh,Vehicles_Produced/Delivered=reported; Production_Delivery_Gap=calculated(Produced-Delivered); Delivery_Conversion_Rate=calculated(Delivered/Produced); Energy_Storage_GWh=reported
2024Q3,2024-07-01 to 2024-09-30,Model 3/Y,443668,439975,,3693,0.991676,2024-10-02,tesla_production_deliveries_Q3_2024_2024-10-02_ex991.htm,SRC-TESLA-IR-001-Q3_2024,Model 3/Y,vehicle_group_label=Other_Models|release_title=Production_Deliveries_Deployments|energy_unit=GWh,Vehicles_Produced/Delivered=reported; Production_Delivery_Gap=calculated(Produced-Delivered); Delivery_Conversion_Rate=calculated(Delivered/Produced); Energy_Storage_GWh=null
2024Q3,2024-07-01 to 2024-09-30,Other Models,26128,22915,,3213,0.877028,2024-10-02,tesla_production_deliveries_Q3_2024_2024-10-02_ex991.htm,SRC-TESLA-IR-001-Q3_2024,Other Models,vehicle_group_label=Other_Models|release_title=Production_Deliveries_Deployments|energy_unit=GWh,Vehicles_Produced/Delivered=reported; Production_Delivery_Gap=calculated(Produced-Delivered); Delivery_Conversion_Rate=calculated(Delivered/Produced); Energy_Storage_GWh=null
2024Q3,2024-07-01 to 2024-09-30,Total,469796,462890,6.9,6906,0.9853,2024-10-02,tesla_production_deliveries_Q3_2024_2024-10-02_ex991.htm,SRC-TESLA-IR-001-Q3_2024,Total,vehicle_group_label=Other_Models|release_title=Production_Deliveries_Deployments|energy_unit=GWh,Vehicles_Produced/Delivered=reported; Production_Delivery_Gap=calculated(Produced-Delivered); Delivery_Conversion_Rate=calculated(Delivered/Produced); Energy_Storage_GWh=reported
2024Q4,2024-10-01 to 2024-12-31,Model 3/Y,436718,471930,,-35212,1.080629,2025-01-02,tesla_production_deliveries_Q4_2024_2025-01-02_exhibit991.htm,SRC-TESLA-IR-001-Q4_2024,Model 3/Y,vehicle_group_label=Other_Models|release_title=Production_Deliveries_Deployments|energy_unit=GWh,Vehicles_Produced/Delivered=reported; Production_Delivery_Gap=calculated(Produced-Delivered); Delivery_Conversion_Rate=calculated(Delivered/Produced); Energy_Storage_GWh=null
2024Q4,2024-10-01 to 2024-12-31,Other Models,22727,23640,,-913,1.040172,2025-01-02,tesla_production_deliveries_Q4_2024_2025-01-02_exhibit991.htm,SRC-TESLA-IR-001-Q4_2024,Other Models,vehicle_group_label=Other_Models|release_title=Production_Deliveries_Deployments|energy_unit=GWh,Vehicles_Produced/Delivered=reported; Production_Delivery_Gap=calculated(Produced-Delivered); Delivery_Conversion_Rate=calculated(Delivered/Produced); Energy_Storage_GWh=null
2024Q4,2024-10-01 to 2024-12-31,Total,459445,495570,11.0,-36125,1.078627,2025-01-02,tesla_production_deliveries_Q4_2024_2025-01-02_exhibit991.htm,SRC-TESLA-IR-001-Q4_2024,Total,vehicle_group_label=Other_Models|release_title=Production_Deliveries_Deployments|energy_unit=GWh,Vehicles_Produced/Delivered=reported; Production_Delivery_Gap=calculated(Produced-Delivered); Delivery_Conversion_Rate=calculated(Delivered/Produced); Energy_Storage_GWh=reported
2025Q1,2025-01-01 to 2025-03-31,Model 3/Y,345454,323800,,21654,0.937317,2025-04-02,tesla_production_deliveries_Q1_2025_2025-04-02_exhibit9911.htm,SRC-TESLA-IR-001-Q1_2025,Model 3/Y,vehicle_group_label=Other_Models|release_title=Production_Deliveries_Deployments|energy_unit=GWh,Vehicles_Produced/Delivered=reported; Production_Delivery_Gap=calculated(Produced-Delivered); Delivery_Conversion_Rate=calculated(Delivered/Produced); Energy_Storage_GWh=null
2025Q1,2025-01-01 to 2025-03-31,Other Models,17161,12881,,4280,0.750597,2025-04-02,tesla_production_deliveries_Q1_2025_2025-04-02_exhibit9911.htm,SRC-TESLA-IR-001-Q1_2025,Other Models,vehicle_group_label=Other_Models|release_title=Production_Deliveries_Deployments|energy_unit=GWh,Vehicles_Produced/Delivered=reported; Production_Delivery_Gap=calculated(Produced-Delivered); Delivery_Conversion_Rate=calculated(Delivered/Produced); Energy_Storage_GWh=null
2025Q1,2025-01-01 to 2025-03-31,Total,362615,336681,10.4,25934,0.928481,2025-04-02,tesla_production_deliveries_Q1_2025_2025-04-02_exhibit9911.htm,SRC-TESLA-IR-001-Q1_2025,Total,vehicle_group_label=Other_Models|release_title=Production_Deliveries_Deployments|energy_unit=GWh,Vehicles_Produced/Delivered=reported; Production_Delivery_Gap=calculated(Produced-Delivered); Delivery_Conversion_Rate=calculated(Delivered/Produced); Energy_Storage_GWh=reported
2025Q2,2025-04-01 to 2025-06-30,Model 3/Y,396835,373728,,23107,0.941772,2025-07-02,tesla_production_deliveries_Q2_2025_2025-07-02_exhibit99111.htm,SRC-TESLA-IR-001-Q2_2025,Model 3/Y,vehicle_group_label=Other_Models|release_title=Production_Deliveries_Deployments|energy_unit=GWh,Vehicles_Produced/Delivered=reported; Production_Delivery_Gap=calculated(Produced-Delivered); Delivery_Conversion_Rate=calculated(Delivered/Produced); Energy_Storage_GWh=null
2025Q2,2025-04-01 to 2025-06-30,Other Models,13409,10394,,3015,0.775151,2025-07-02,tesla_production_deliveries_Q2_2025_2025-07-02_exhibit99111.htm,SRC-TESLA-IR-001-Q2_2025,Other Models,vehicle_group_label=Other_Models|release_title=Production_Deliveries_Deployments|energy_unit=GWh,Vehicles_Produced/Delivered=reported; Production_Delivery_Gap=calculated(Produced-Delivered); Delivery_Conversion_Rate=calculated(Delivered/Produced); Energy_Storage_GWh=null
2025Q2,2025-04-01 to 2025-06-30,Total,410244,384122,9.6,26122,0.936326,2025-07-02,tesla_production_deliveries_Q2_2025_2025-07-02_exhibit99111.htm,SRC-TESLA-IR-001-Q2_2025,Total,vehicle_group_label=Other_Models|release_title=Production_Deliveries_Deployments|energy_unit=GWh,Vehicles_Produced/Delivered=reported; Production_Delivery_Gap=calculated(Produced-Delivered); Delivery_Conversion_Rate=calculated(Delivered/Produced); Energy_Storage_GWh=reported
2025Q3,2025-07-01 to 2025-09-30,Model 3/Y,435826,481166,,-45340,1.104032,2025-10-02,tesla_production_deliveries_Q3_2025_2025-10-02_exhibit991111.htm,SRC-TESLA-IR-001-Q3_2025,Model 3/Y,vehicle_group_label=Other_Models|release_title=Production_Deliveries_Deployments|energy_unit=GWh,Vehicles_Produced/Delivered=reported; Production_Delivery_Gap=calculated(Produced-Delivered); Delivery_Conversion_Rate=calculated(Delivered/Produced); Energy_Storage_GWh=null
2025Q3,2025-07-01 to 2025-09-30,Other Models,11624,15933,,-4309,1.370699,2025-10-02,tesla_production_deliveries_Q3_2025_2025-10-02_exhibit991111.htm,SRC-TESLA-IR-001-Q3_2025,Other Models,vehicle_group_label=Other_Models|release_title=Production_Deliveries_Deployments|energy_unit=GWh,Vehicles_Produced/Delivered=reported; Production_Delivery_Gap=calculated(Produced-Delivered); Delivery_Conversion_Rate=calculated(Delivered/Produced); Energy_Storage_GWh=null
2025Q3,2025-07-01 to 2025-09-30,Total,447450,497099,12.5,-49649,1.11096,2025-10-02,tesla_production_deliveries_Q3_2025_2025-10-02_exhibit991111.htm,SRC-TESLA-IR-001-Q3_2025,Total,vehicle_group_label=Other_Models|release_title=Production_Deliveries_Deployments|energy_unit=GWh,Vehicles_Produced/Delivered=reported; Production_Delivery_Gap=calculated(Produced-Delivered); Delivery_Conversion_Rate=calculated(Delivered/Produced); Energy_Storage_GWh=reported
2025Q4,2025-10-01 to 2025-12-31,Model 3/Y,422652,406585,,16067,0.961985,2026-01-02,tesla_production_deliveries_Q4_2025_2026-01-02_exhibit9914.htm,SRC-TESLA-IR-001-Q4_2025,Model 3/Y,vehicle_group_label=Other_Models|release_title=Production_Deliveries_Deployments|energy_unit=GWh,Vehicles_Produced/Delivered=reported; Production_Delivery_Gap=calculated(Produced-Delivered); Delivery_Conversion_Rate=calculated(Delivered/Produced); Energy_Storage_GWh=null
2025Q4,2025-10-01 to 2025-12-31,Other Models,11706,11642,,64,0.994533,2026-01-02,tesla_production_deliveries_Q4_2025_2026-01-02_exhibit9914.htm,SRC-TESLA-IR-001-Q4_2025,Other Models,vehicle_group_label=Other_Models|release_title=Production_Deliveries_Deployments|energy_unit=GWh,Vehicles_Produced/Delivered=reported; Production_Delivery_Gap=calculated(Produced-Delivered); Delivery_Conversion_Rate=calculated(Delivered/Produced); Energy_Storage_GWh=null
2025Q4,2025-10-01 to 2025-12-31,Total,434358,418227,14.2,16131,0.962862,2026-01-02,tesla_production_deliveries_Q4_2025_2026-01-02_exhibit9914.htm,SRC-TESLA-IR-001-Q4_2025,Total,vehicle_group_label=Other_Models|release_title=Production_Deliveries_Deployments|energy_unit=GWh,Vehicles_Produced/Delivered=reported; Production_Delivery_Gap=calculated(Produced-Delivered); Delivery_Conversion_Rate=calculated(Delivered/Produced); Energy_Storage_GWh=reported
2026Q1,2026-01-01 to 2026-03-31,Model 3/Y,394611,341893,,52718,0.866405,2026-04-02,tesla_production_deliveries_Q1_2026_2026-04-02_exhibit9911111.htm,SRC-TESLA-IR-001-Q1_2026,Model 3/Y,vehicle_group_label=Other_Models|release_title=Production_Deliveries_Deployments|energy_unit=GWh,Vehicles_Produced/Delivered=reported; Production_Delivery_Gap=calculated(Produced-Delivered); Delivery_Conversion_Rate=calculated(Delivered/Produced); Energy_Storage_GWh=null
2026Q1,2026-01-01 to 2026-03-31,Other Models,13775,16130,,-2355,1.170962,2026-04-02,tesla_production_deliveries_Q1_2026_2026-04-02_exhibit9911111.htm,SRC-TESLA-IR-001-Q1_2026,Other Models,vehicle_group_label=Other_Models|release_title=Production_Deliveries_Deployments|energy_unit=GWh,Vehicles_Produced/Delivered=reported; Production_Delivery_Gap=calculated(Produced-Delivered); Delivery_Conversion_Rate=calculated(Delivered/Produced); Energy_Storage_GWh=null
2026Q1,2026-01-01 to 2026-03-31,Total,408386,358023,8.8,50363,0.876678,2026-04-02,tesla_production_deliveries_Q1_2026_2026-04-02_exhibit9911111.htm,SRC-TESLA-IR-001-Q1_2026,Total,vehicle_group_label=Other_Models|release_title=Production_Deliveries_Deployments|energy_unit=GWh,Vehicles_Produced/Delivered=reported; Production_Delivery_Gap=calculated(Produced-Delivered); Delivery_Conversion_Rate=calculated(Delivered/Produced); Energy_Storage_GWh=reported
2026Q2,2026-04-01 to 2026-06-30,Model 3/Y,442936,467762,,-24826,1.056049,2026-07-02,tesla_production_deliveries_Q2_2026_2026-07-02_exhibit99111111.htm,SRC-TESLA-IR-001-Q2_2026,Model 3/Y,vehicle_group_label=Other_Models|release_title=Production_Deliveries_Deployments|energy_unit=GWh,Vehicles_Produced/Delivered=reported; Production_Delivery_Gap=calculated(Produced-Delivered); Delivery_Conversion_Rate=calculated(Delivered/Produced); Energy_Storage_GWh=null
2026Q2,2026-04-01 to 2026-06-30,Other Models,8822,12364,,-3542,1.401496,2026-07-02,tesla_production_deliveries_Q2_2026_2026-07-02_exhibit99111111.htm,SRC-TESLA-IR-001-Q2_2026,Other Models,vehicle_group_label=Other_Models|release_title=Production_Deliveries_Deployments|energy_unit=GWh,Vehicles_Produced/Delivered=reported; Production_Delivery_Gap=calculated(Produced-Delivered); Delivery_Conversion_Rate=calculated(Delivered/Produced); Energy_Storage_GWh=null
2026Q2,2026-04-01 to 2026-06-30,Total,451758,480126,13.5,-28368,1.062795,2026-07-02,tesla_production_deliveries_Q2_2026_2026-07-02_exhibit99111111.htm,SRC-TESLA-IR-001-Q2_2026,Total,vehicle_group_label=Other_Models|release_title=Production_Deliveries_Deployments|energy_unit=GWh,Vehicles_Produced/Delivered=reported; Production_Delivery_Gap=calculated(Produced-Delivered); Delivery_Conversion_Rate=calculated(Delivered/Produced); Energy_Storage_GWh=reported
