Period_ID,Reporting_Period,Vehicle_Group,Field_Name,Field_Value,Metric_Label,Source_File,Source_Section,Source_Excerpt,Notes
2022Q1,2022-01-01 to 2022-03-31,Model S/X,Vehicles_Produced,14218,reported,tesla_production_deliveries_Q1_2022_2022-04-04_tsla-ex991_6.htm,"Exhibit 99.1 quarterly production/deliveries table (first Production|Deliveries table; excludes later full-year table if present) — row 'Model S/X', Production column","Deliveries | Subject to operating lease accounting | Model S/X | 14,218 | 14,724 | 17% | Model 3/Y | 291,189 | 29",
2022Q1,2022-01-01 to 2022-03-31,Model S/X,Vehicles_Delivered,14724,reported,tesla_production_deliveries_Q1_2022_2022-04-04_tsla-ex991_6.htm,"Exhibit 99.1 quarterly production/deliveries table (first Production|Deliveries table; excludes later full-year table if present) — row 'Model S/X', Deliveries column","Deliveries | Subject to operating lease accounting | Model S/X | 14,218 | 14,724 | 17% | Model 3/Y | 291,189 | 29",
2022Q1,2022-01-01 to 2022-03-31,Model S/X,Production_Delivery_Gap,-506,calculated,tesla_production_deliveries_Q1_2022_2022-04-04_tsla-ex991_6.htm,Calculated field (not printed as gap in source),14218 - 14724 = -506,"May reflect vehicles in transit, timing, logistics, demand, shutdowns, product mix, or reporting cutoffs — not labeled unsold inventory"
2022Q1,2022-01-01 to 2022-03-31,Model S/X,Delivery_Conversion_Rate,1.035589,calculated,tesla_production_deliveries_Q1_2022_2022-04-04_tsla-ex991_6.htm,Calculated field (Delivered / Produced),14724 / 14218 = 1.035589,
2022Q1,2022-01-01 to 2022-03-31,Model S/X,Energy_Storage_GWh,,reported,tesla_production_deliveries_Q1_2022_2022-04-04_tsla-ex991_6.htm,N/A — energy storage not disclosed by vehicle group,,Left null at vehicle-group grain; company-total energy stored on Total row only
2022Q1,2022-01-01 to 2022-03-31,Model 3/Y,Vehicles_Produced,291189,reported,tesla_production_deliveries_Q1_2022_2022-04-04_tsla-ex991_6.htm,"Exhibit 99.1 quarterly production/deliveries table (first Production|Deliveries table; excludes later full-year table if present) — row 'Model 3/Y', Production column","accounting | Model S/X | 14,218 | 14,724 | 17% | Model 3/Y | 291,189 | 295,324 | 3% | Total | 305,407 | 310,0",
2022Q1,2022-01-01 to 2022-03-31,Model 3/Y,Vehicles_Delivered,295324,reported,tesla_production_deliveries_Q1_2022_2022-04-04_tsla-ex991_6.htm,"Exhibit 99.1 quarterly production/deliveries table (first Production|Deliveries table; excludes later full-year table if present) — row 'Model 3/Y', Deliveries column","accounting | Model S/X | 14,218 | 14,724 | 17% | Model 3/Y | 291,189 | 295,324 | 3% | Total | 305,407 | 310,0",
2022Q1,2022-01-01 to 2022-03-31,Model 3/Y,Production_Delivery_Gap,-4135,calculated,tesla_production_deliveries_Q1_2022_2022-04-04_tsla-ex991_6.htm,Calculated field (not printed as gap in source),291189 - 295324 = -4135,"May reflect vehicles in transit, timing, logistics, demand, shutdowns, product mix, or reporting cutoffs — not labeled unsold inventory"
2022Q1,2022-01-01 to 2022-03-31,Model 3/Y,Delivery_Conversion_Rate,1.0142,calculated,tesla_production_deliveries_Q1_2022_2022-04-04_tsla-ex991_6.htm,Calculated field (Delivered / Produced),295324 / 291189 = 1.0142,
2022Q1,2022-01-01 to 2022-03-31,Model 3/Y,Energy_Storage_GWh,,reported,tesla_production_deliveries_Q1_2022_2022-04-04_tsla-ex991_6.htm,N/A — energy storage not disclosed by vehicle group,,Left null at vehicle-group grain; company-total energy stored on Total row only
2022Q1,2022-01-01 to 2022-03-31,Total,Vehicles_Produced,305407,reported,tesla_production_deliveries_Q1_2022_2022-04-04_tsla-ex991_6.htm,"Exhibit 99.1 quarterly production/deliveries table (first Production|Deliveries table; excludes later full-year table if present) — row 'Total', Production column","24 | 17% | Model 3/Y | 291,189 | 295,324 | 3% | Total | 305,407 | 310,048 | 4% | *************** Tesl",
2022Q1,2022-01-01 to 2022-03-31,Total,Vehicles_Delivered,310048,reported,tesla_production_deliveries_Q1_2022_2022-04-04_tsla-ex991_6.htm,"Exhibit 99.1 quarterly production/deliveries table (first Production|Deliveries table; excludes later full-year table if present) — row 'Total', Deliveries column","24 | 17% | Model 3/Y | 291,189 | 295,324 | 3% | Total | 305,407 | 310,048 | 4% | *************** Tesl",
2022Q1,2022-01-01 to 2022-03-31,Total,Production_Delivery_Gap,-4641,calculated,tesla_production_deliveries_Q1_2022_2022-04-04_tsla-ex991_6.htm,Calculated field (not printed as gap in source),305407 - 310048 = -4641,"May reflect vehicles in transit, timing, logistics, demand, shutdowns, product mix, or reporting cutoffs — not labeled unsold inventory"
2022Q1,2022-01-01 to 2022-03-31,Total,Delivery_Conversion_Rate,1.015196,calculated,tesla_production_deliveries_Q1_2022_2022-04-04_tsla-ex991_6.htm,Calculated field (Delivered / Produced),310048 / 305407 = 1.015196,
2022Q1,2022-01-01 to 2022-03-31,Total,Energy_Storage_GWh,,reported,tesla_production_deliveries_Q1_2022_2022-04-04_tsla-ex991_6.htm,Exhibit 99.1 narrative (energy storage),Energy storage deployment not stated in this release,Null when release does not disclose energy storage deployments
2023Q1,2023-01-01 to 2023-03-31,Model S/X,Vehicles_Produced,19437,reported,tesla_production_deliveries_Q1_2023_2023-04-03_tsla-ex991_7.htm,"Exhibit 99.1 quarterly production/deliveries table (first Production|Deliveries table; excludes later full-year table if present) — row 'Model S/X', Production column","wards a more even regional mix of vehicle builds, including Model S/X vehicles in transit to EMEA and APAC. | | | | |",
2023Q1,2023-01-01 to 2023-03-31,Model S/X,Vehicles_Delivered,10695,reported,tesla_production_deliveries_Q1_2023_2023-04-03_tsla-ex991_7.htm,"Exhibit 99.1 quarterly production/deliveries table (first Production|Deliveries table; excludes later full-year table if present) — row 'Model S/X', Deliveries column","wards a more even regional mix of vehicle builds, including Model S/X vehicles in transit to EMEA and APAC. | | | | |",
2023Q1,2023-01-01 to 2023-03-31,Model S/X,Production_Delivery_Gap,8742,calculated,tesla_production_deliveries_Q1_2023_2023-04-03_tsla-ex991_7.htm,Calculated field (not printed as gap in source),19437 - 10695 = 8742,"May reflect vehicles in transit, timing, logistics, demand, shutdowns, product mix, or reporting cutoffs — not labeled unsold inventory"
2023Q1,2023-01-01 to 2023-03-31,Model S/X,Delivery_Conversion_Rate,0.550239,calculated,tesla_production_deliveries_Q1_2023_2023-04-03_tsla-ex991_7.htm,Calculated field (Delivered / Produced),10695 / 19437 = 0.550239,
2023Q1,2023-01-01 to 2023-03-31,Model S/X,Energy_Storage_GWh,,reported,tesla_production_deliveries_Q1_2023_2023-04-03_tsla-ex991_7.htm,N/A — energy storage not disclosed by vehicle group,,Left null at vehicle-group grain; company-total energy stored on Total row only
2023Q1,2023-01-01 to 2023-03-31,Model 3/Y,Vehicles_Produced,421371,reported,tesla_production_deliveries_Q1_2023_2023-04-03_tsla-ex991_7.htm,"Exhibit 99.1 quarterly production/deliveries table (first Production|Deliveries table; excludes later full-year table if present) — row 'Model 3/Y', Production column","accounting | Model S/X | 19,437 | 10,695 | 10% | Model 3/Y | 421,371 | 412,180 | 5% | Total | 440,808 | 422,8",
2023Q1,2023-01-01 to 2023-03-31,Model 3/Y,Vehicles_Delivered,412180,reported,tesla_production_deliveries_Q1_2023_2023-04-03_tsla-ex991_7.htm,"Exhibit 99.1 quarterly production/deliveries table (first Production|Deliveries table; excludes later full-year table if present) — row 'Model 3/Y', Deliveries column","accounting | Model S/X | 19,437 | 10,695 | 10% | Model 3/Y | 421,371 | 412,180 | 5% | Total | 440,808 | 422,8",
2023Q1,2023-01-01 to 2023-03-31,Model 3/Y,Production_Delivery_Gap,9191,calculated,tesla_production_deliveries_Q1_2023_2023-04-03_tsla-ex991_7.htm,Calculated field (not printed as gap in source),421371 - 412180 = 9191,"May reflect vehicles in transit, timing, logistics, demand, shutdowns, product mix, or reporting cutoffs — not labeled unsold inventory"
2023Q1,2023-01-01 to 2023-03-31,Model 3/Y,Delivery_Conversion_Rate,0.978188,calculated,tesla_production_deliveries_Q1_2023_2023-04-03_tsla-ex991_7.htm,Calculated field (Delivered / Produced),412180 / 421371 = 0.978188,
2023Q1,2023-01-01 to 2023-03-31,Model 3/Y,Energy_Storage_GWh,,reported,tesla_production_deliveries_Q1_2023_2023-04-03_tsla-ex991_7.htm,N/A — energy storage not disclosed by vehicle group,,Left null at vehicle-group grain; company-total energy stored on Total row only
2023Q1,2023-01-01 to 2023-03-31,Total,Vehicles_Produced,440808,reported,tesla_production_deliveries_Q1_2023_2023-04-03_tsla-ex991_7.htm,"Exhibit 99.1 quarterly production/deliveries table (first Production|Deliveries table; excludes later full-year table if present) — row 'Total', Production column","95 | 10% | Model 3/Y | 421,371 | 412,180 | 5% | Total | 440,808 | 422,875 | 5% | *** Tesla will post it",
2023Q1,2023-01-01 to 2023-03-31,Total,Vehicles_Delivered,422875,reported,tesla_production_deliveries_Q1_2023_2023-04-03_tsla-ex991_7.htm,"Exhibit 99.1 quarterly production/deliveries table (first Production|Deliveries table; excludes later full-year table if present) — row 'Total', Deliveries column","95 | 10% | Model 3/Y | 421,371 | 412,180 | 5% | Total | 440,808 | 422,875 | 5% | *** Tesla will post it",
2023Q1,2023-01-01 to 2023-03-31,Total,Production_Delivery_Gap,17933,calculated,tesla_production_deliveries_Q1_2023_2023-04-03_tsla-ex991_7.htm,Calculated field (not printed as gap in source),440808 - 422875 = 17933,"May reflect vehicles in transit, timing, logistics, demand, shutdowns, product mix, or reporting cutoffs — not labeled unsold inventory"
2023Q1,2023-01-01 to 2023-03-31,Total,Delivery_Conversion_Rate,0.959318,calculated,tesla_production_deliveries_Q1_2023_2023-04-03_tsla-ex991_7.htm,Calculated field (Delivered / Produced),422875 / 440808 = 0.959318,
2023Q1,2023-01-01 to 2023-03-31,Total,Energy_Storage_GWh,,reported,tesla_production_deliveries_Q1_2023_2023-04-03_tsla-ex991_7.htm,Exhibit 99.1 narrative (energy storage),Energy storage deployment not stated in this release,Null when release does not disclose energy storage deployments
2024Q1,2024-01-01 to 2024-03-31,Model 3/Y,Vehicles_Produced,412376,reported,tesla_production_deliveries_Q1_2024_2024-04-02_tsla-ex99_1.htm,"Exhibit 99.1 quarterly production/deliveries table (first Production|Deliveries table; excludes later full-year table if present) — row 'Model 3/Y', Production column","n | Deliveries | Subject to operating lease accounting | Model 3/Y | 412,376 | 369,783 | 2% | Other Models | 20,995 | 17,02",
2024Q1,2024-01-01 to 2024-03-31,Model 3/Y,Vehicles_Delivered,369783,reported,tesla_production_deliveries_Q1_2024_2024-04-02_tsla-ex99_1.htm,"Exhibit 99.1 quarterly production/deliveries table (first Production|Deliveries table; excludes later full-year table if present) — row 'Model 3/Y', Deliveries column","n | Deliveries | Subject to operating lease accounting | Model 3/Y | 412,376 | 369,783 | 2% | Other Models | 20,995 | 17,02",
2024Q1,2024-01-01 to 2024-03-31,Model 3/Y,Production_Delivery_Gap,42593,calculated,tesla_production_deliveries_Q1_2024_2024-04-02_tsla-ex99_1.htm,Calculated field (not printed as gap in source),412376 - 369783 = 42593,"May reflect vehicles in transit, timing, logistics, demand, shutdowns, product mix, or reporting cutoffs — not labeled unsold inventory"
2024Q1,2024-01-01 to 2024-03-31,Model 3/Y,Delivery_Conversion_Rate,0.896713,calculated,tesla_production_deliveries_Q1_2024_2024-04-02_tsla-ex99_1.htm,Calculated field (Delivered / Produced),369783 / 412376 = 0.896713,
2024Q1,2024-01-01 to 2024-03-31,Model 3/Y,Energy_Storage_GWh,,reported,tesla_production_deliveries_Q1_2024_2024-04-02_tsla-ex99_1.htm,N/A — energy storage not disclosed by vehicle group,,Left null at vehicle-group grain; company-total energy stored on Total row only
2024Q1,2024-01-01 to 2024-03-31,Other Models,Vehicles_Produced,20995,reported,tesla_production_deliveries_Q1_2024_2024-04-02_tsla-ex99_1.htm,"Exhibit 99.1 quarterly production/deliveries table (first Production|Deliveries table; excludes later full-year table if present) — row 'Other Models', Production column","ase accounting | Model 3/Y | 412,376 | 369,783 | 2% | Other Models | 20,995 | 17,027 | 1% | Total | 433,371 | 386,810 | 2%",
2024Q1,2024-01-01 to 2024-03-31,Other Models,Vehicles_Delivered,17027,reported,tesla_production_deliveries_Q1_2024_2024-04-02_tsla-ex99_1.htm,"Exhibit 99.1 quarterly production/deliveries table (first Production|Deliveries table; excludes later full-year table if present) — row 'Other Models', Deliveries column","ase accounting | Model 3/Y | 412,376 | 369,783 | 2% | Other Models | 20,995 | 17,027 | 1% | Total | 433,371 | 386,810 | 2%",
2024Q1,2024-01-01 to 2024-03-31,Other Models,Production_Delivery_Gap,3968,calculated,tesla_production_deliveries_Q1_2024_2024-04-02_tsla-ex99_1.htm,Calculated field (not printed as gap in source),20995 - 17027 = 3968,"May reflect vehicles in transit, timing, logistics, demand, shutdowns, product mix, or reporting cutoffs — not labeled unsold inventory"
2024Q1,2024-01-01 to 2024-03-31,Other Models,Delivery_Conversion_Rate,0.811003,calculated,tesla_production_deliveries_Q1_2024_2024-04-02_tsla-ex99_1.htm,Calculated field (Delivered / Produced),17027 / 20995 = 0.811003,
2024Q1,2024-01-01 to 2024-03-31,Other Models,Energy_Storage_GWh,,reported,tesla_production_deliveries_Q1_2024_2024-04-02_tsla-ex99_1.htm,N/A — energy storage not disclosed by vehicle group,,Left null at vehicle-group grain; company-total energy stored on Total row only
2024Q1,2024-01-01 to 2024-03-31,Total,Vehicles_Produced,433371,reported,tesla_production_deliveries_Q1_2024_2024-04-02_tsla-ex99_1.htm,"Exhibit 99.1 quarterly production/deliveries table (first Production|Deliveries table; excludes later full-year table if present) — row 'Total', Production column","369,783 | 2% | Other Models | 20,995 | 17,027 | 1% | Total | 433,371 | 386,810 | 2% | *** Tesla will post its f",
2024Q1,2024-01-01 to 2024-03-31,Total,Vehicles_Delivered,386810,reported,tesla_production_deliveries_Q1_2024_2024-04-02_tsla-ex99_1.htm,"Exhibit 99.1 quarterly production/deliveries table (first Production|Deliveries table; excludes later full-year table if present) — row 'Total', Deliveries column","369,783 | 2% | Other Models | 20,995 | 17,027 | 1% | Total | 433,371 | 386,810 | 2% | *** Tesla will post its f",
2024Q1,2024-01-01 to 2024-03-31,Total,Production_Delivery_Gap,46561,calculated,tesla_production_deliveries_Q1_2024_2024-04-02_tsla-ex99_1.htm,Calculated field (not printed as gap in source),433371 - 386810 = 46561,"May reflect vehicles in transit, timing, logistics, demand, shutdowns, product mix, or reporting cutoffs — not labeled unsold inventory"
2024Q1,2024-01-01 to 2024-03-31,Total,Delivery_Conversion_Rate,0.892561,calculated,tesla_production_deliveries_Q1_2024_2024-04-02_tsla-ex99_1.htm,Calculated field (Delivered / Produced),386810 / 433371 = 0.892561,
2024Q1,2024-01-01 to 2024-03-31,Total,Energy_Storage_GWh,4.053,calculated,tesla_production_deliveries_Q1_2024_2024-04-02_tsla-ex99_1.htm,Exhibit 99.1 opening narrative — energy storage deployments (MWh converted to GWh by /1000),"0 vehicles and delivered approximately 387,000 vehicles. We deployed 4,053 MWh of energy storage products in Q1, the highest quarterly deployment yet. Decl | conversion: 4053.0 MWh / 1000 = 4.053 GWh",Null when release does not disclose energy storage deployments
2025Q1,2025-01-01 to 2025-03-31,Model 3/Y,Vehicles_Produced,345454,reported,tesla_production_deliveries_Q1_2025_2025-04-02_exhibit9911.htm,"Exhibit 99.1 quarterly production/deliveries table (first Production|Deliveries table; excludes later full-year table if present) — row 'Model 3/Y', Production column","tion | Deliveries | Subject to operating lease accounting | Model 3/Y | 345,454 | 323,800 | 4% | Other Models | 17,161 | 12,881 |",
2025Q1,2025-01-01 to 2025-03-31,Model 3/Y,Vehicles_Delivered,323800,reported,tesla_production_deliveries_Q1_2025_2025-04-02_exhibit9911.htm,"Exhibit 99.1 quarterly production/deliveries table (first Production|Deliveries table; excludes later full-year table if present) — row 'Model 3/Y', Deliveries column","tion | Deliveries | Subject to operating lease accounting | Model 3/Y | 345,454 | 323,800 | 4% | Other Models | 17,161 | 12,881 |",
2025Q1,2025-01-01 to 2025-03-31,Model 3/Y,Production_Delivery_Gap,21654,calculated,tesla_production_deliveries_Q1_2025_2025-04-02_exhibit9911.htm,Calculated field (not printed as gap in source),345454 - 323800 = 21654,"May reflect vehicles in transit, timing, logistics, demand, shutdowns, product mix, or reporting cutoffs — not labeled unsold inventory"
2025Q1,2025-01-01 to 2025-03-31,Model 3/Y,Delivery_Conversion_Rate,0.937317,calculated,tesla_production_deliveries_Q1_2025_2025-04-02_exhibit9911.htm,Calculated field (Delivered / Produced),323800 / 345454 = 0.937317,
2025Q1,2025-01-01 to 2025-03-31,Model 3/Y,Energy_Storage_GWh,,reported,tesla_production_deliveries_Q1_2025_2025-04-02_exhibit9911.htm,N/A — energy storage not disclosed by vehicle group,,Left null at vehicle-group grain; company-total energy stored on Total row only
2025Q1,2025-01-01 to 2025-03-31,Other Models,Vehicles_Produced,17161,reported,tesla_production_deliveries_Q1_2025_2025-04-02_exhibit9911.htm,"Exhibit 99.1 quarterly production/deliveries table (first Production|Deliveries table; excludes later full-year table if present) — row 'Other Models', Production column","ing lease accounting | Model 3/Y | 345,454 | 323,800 | 4% | Other Models | 17,161 | 12,881 | 7% | Total | 362,615 | 336,681 | 4% | |",
2025Q1,2025-01-01 to 2025-03-31,Other Models,Vehicles_Delivered,12881,reported,tesla_production_deliveries_Q1_2025_2025-04-02_exhibit9911.htm,"Exhibit 99.1 quarterly production/deliveries table (first Production|Deliveries table; excludes later full-year table if present) — row 'Other Models', Deliveries column","ing lease accounting | Model 3/Y | 345,454 | 323,800 | 4% | Other Models | 17,161 | 12,881 | 7% | Total | 362,615 | 336,681 | 4% | |",
2025Q1,2025-01-01 to 2025-03-31,Other Models,Production_Delivery_Gap,4280,calculated,tesla_production_deliveries_Q1_2025_2025-04-02_exhibit9911.htm,Calculated field (not printed as gap in source),17161 - 12881 = 4280,"May reflect vehicles in transit, timing, logistics, demand, shutdowns, product mix, or reporting cutoffs — not labeled unsold inventory"
2025Q1,2025-01-01 to 2025-03-31,Other Models,Delivery_Conversion_Rate,0.750597,calculated,tesla_production_deliveries_Q1_2025_2025-04-02_exhibit9911.htm,Calculated field (Delivered / Produced),12881 / 17161 = 0.750597,
2025Q1,2025-01-01 to 2025-03-31,Other Models,Energy_Storage_GWh,,reported,tesla_production_deliveries_Q1_2025_2025-04-02_exhibit9911.htm,N/A — energy storage not disclosed by vehicle group,,Left null at vehicle-group grain; company-total energy stored on Total row only
2025Q1,2025-01-01 to 2025-03-31,Total,Vehicles_Produced,362615,reported,tesla_production_deliveries_Q1_2025_2025-04-02_exhibit9911.htm,"Exhibit 99.1 quarterly production/deliveries table (first Production|Deliveries table; excludes later full-year table if present) — row 'Total', Production column",",454 | 323,800 | 4% | Other Models | 17,161 | 12,881 | 7% | Total | 362,615 | 336,681 | 4% | | | | | | | | | *** Tesla will",
2025Q1,2025-01-01 to 2025-03-31,Total,Vehicles_Delivered,336681,reported,tesla_production_deliveries_Q1_2025_2025-04-02_exhibit9911.htm,"Exhibit 99.1 quarterly production/deliveries table (first Production|Deliveries table; excludes later full-year table if present) — row 'Total', Deliveries column",",454 | 323,800 | 4% | Other Models | 17,161 | 12,881 | 7% | Total | 362,615 | 336,681 | 4% | | | | | | | | | *** Tesla will",
2025Q1,2025-01-01 to 2025-03-31,Total,Production_Delivery_Gap,25934,calculated,tesla_production_deliveries_Q1_2025_2025-04-02_exhibit9911.htm,Calculated field (not printed as gap in source),362615 - 336681 = 25934,"May reflect vehicles in transit, timing, logistics, demand, shutdowns, product mix, or reporting cutoffs — not labeled unsold inventory"
2025Q1,2025-01-01 to 2025-03-31,Total,Delivery_Conversion_Rate,0.928481,calculated,tesla_production_deliveries_Q1_2025_2025-04-02_exhibit9911.htm,Calculated field (Delivered / Produced),336681 / 362615 = 0.928481,
2025Q1,2025-01-01 to 2025-03-31,Total,Energy_Storage_GWh,10.4,reported,tesla_production_deliveries_Q1_2025_2025-04-02_exhibit9911.htm,Exhibit 99.1 opening narrative — energy storage deployments (GWh),"over 362,000 vehicles, delivered over 336,000 vehicles and deployed 10.4 GWh of energy storage products. While the changeover of Model Y lines across all",Null when release does not disclose energy storage deployments
2026Q1,2026-01-01 to 2026-03-31,Model 3/Y,Vehicles_Produced,394611,reported,tesla_production_deliveries_Q1_2026_2026-04-02_exhibit9911111.htm,"Exhibit 99.1 quarterly production/deliveries table (first Production|Deliveries table; excludes later full-year table if present) — row 'Model 3/Y', Production column","on | Deliveries | Subject to operating lease accounting | | Model 3/Y | 394,611 | 341,893 | 1% | | Other Models | 13,775 | 16,130",
2026Q1,2026-01-01 to 2026-03-31,Model 3/Y,Vehicles_Delivered,341893,reported,tesla_production_deliveries_Q1_2026_2026-04-02_exhibit9911111.htm,"Exhibit 99.1 quarterly production/deliveries table (first Production|Deliveries table; excludes later full-year table if present) — row 'Model 3/Y', Deliveries column","on | Deliveries | Subject to operating lease accounting | | Model 3/Y | 394,611 | 341,893 | 1% | | Other Models | 13,775 | 16,130",
2026Q1,2026-01-01 to 2026-03-31,Model 3/Y,Production_Delivery_Gap,52718,calculated,tesla_production_deliveries_Q1_2026_2026-04-02_exhibit9911111.htm,Calculated field (not printed as gap in source),394611 - 341893 = 52718,"May reflect vehicles in transit, timing, logistics, demand, shutdowns, product mix, or reporting cutoffs — not labeled unsold inventory"
2026Q1,2026-01-01 to 2026-03-31,Model 3/Y,Delivery_Conversion_Rate,0.866405,calculated,tesla_production_deliveries_Q1_2026_2026-04-02_exhibit9911111.htm,Calculated field (Delivered / Produced),341893 / 394611 = 0.866405,
2026Q1,2026-01-01 to 2026-03-31,Model 3/Y,Energy_Storage_GWh,,reported,tesla_production_deliveries_Q1_2026_2026-04-02_exhibit9911111.htm,N/A — energy storage not disclosed by vehicle group,,Left null at vehicle-group grain; company-total energy stored on Total row only
2026Q1,2026-01-01 to 2026-03-31,Other Models,Vehicles_Produced,13775,reported,tesla_production_deliveries_Q1_2026_2026-04-02_exhibit9911111.htm,"Exhibit 99.1 quarterly production/deliveries table (first Production|Deliveries table; excludes later full-year table if present) — row 'Other Models', Production column","lease accounting | | Model 3/Y | 394,611 | 341,893 | 1% | | Other Models | 13,775 | 16,130 | 2% | | Total | 408,386 | 358,023 | 1% |",
2026Q1,2026-01-01 to 2026-03-31,Other Models,Vehicles_Delivered,16130,reported,tesla_production_deliveries_Q1_2026_2026-04-02_exhibit9911111.htm,"Exhibit 99.1 quarterly production/deliveries table (first Production|Deliveries table; excludes later full-year table if present) — row 'Other Models', Deliveries column","lease accounting | | Model 3/Y | 394,611 | 341,893 | 1% | | Other Models | 13,775 | 16,130 | 2% | | Total | 408,386 | 358,023 | 1% |",
2026Q1,2026-01-01 to 2026-03-31,Other Models,Production_Delivery_Gap,-2355,calculated,tesla_production_deliveries_Q1_2026_2026-04-02_exhibit9911111.htm,Calculated field (not printed as gap in source),13775 - 16130 = -2355,"May reflect vehicles in transit, timing, logistics, demand, shutdowns, product mix, or reporting cutoffs — not labeled unsold inventory"
2026Q1,2026-01-01 to 2026-03-31,Other Models,Delivery_Conversion_Rate,1.170962,calculated,tesla_production_deliveries_Q1_2026_2026-04-02_exhibit9911111.htm,Calculated field (Delivered / Produced),16130 / 13775 = 1.170962,
2026Q1,2026-01-01 to 2026-03-31,Other Models,Energy_Storage_GWh,,reported,tesla_production_deliveries_Q1_2026_2026-04-02_exhibit9911111.htm,N/A — energy storage not disclosed by vehicle group,,Left null at vehicle-group grain; company-total energy stored on Total row only
2026Q1,2026-01-01 to 2026-03-31,Total,Vehicles_Produced,408386,reported,tesla_production_deliveries_Q1_2026_2026-04-02_exhibit9911111.htm,"Exhibit 99.1 quarterly production/deliveries table (first Production|Deliveries table; excludes later full-year table if present) — row 'Total', Production column","| 341,893 | 1% | | Other Models | 13,775 | 16,130 | 2% | | Total | 408,386 | 358,023 | 1% | | | | | | | | | | | | *** Tesl",
2026Q1,2026-01-01 to 2026-03-31,Total,Vehicles_Delivered,358023,reported,tesla_production_deliveries_Q1_2026_2026-04-02_exhibit9911111.htm,"Exhibit 99.1 quarterly production/deliveries table (first Production|Deliveries table; excludes later full-year table if present) — row 'Total', Deliveries column","| 341,893 | 1% | | Other Models | 13,775 | 16,130 | 2% | | Total | 408,386 | 358,023 | 1% | | | | | | | | | | | | *** Tesl",
2026Q1,2026-01-01 to 2026-03-31,Total,Production_Delivery_Gap,50363,calculated,tesla_production_deliveries_Q1_2026_2026-04-02_exhibit9911111.htm,Calculated field (not printed as gap in source),408386 - 358023 = 50363,"May reflect vehicles in transit, timing, logistics, demand, shutdowns, product mix, or reporting cutoffs — not labeled unsold inventory"
2026Q1,2026-01-01 to 2026-03-31,Total,Delivery_Conversion_Rate,0.876678,calculated,tesla_production_deliveries_Q1_2026_2026-04-02_exhibit9911111.htm,Calculated field (Delivered / Produced),358023 / 408386 = 0.876678,
2026Q1,2026-01-01 to 2026-03-31,Total,Energy_Storage_GWh,8.8,reported,tesla_production_deliveries_Q1_2026_2026-04-02_exhibit9911111.htm,Exhibit 99.1 opening narrative — energy storage deployments (GWh),"over 408,000 vehicles, delivered over 358,000 vehicles and deployed 8.8 GWh of energy storage products. Thank you to all of our customers, employees, sup",Null when release does not disclose energy storage deployments
2022Q2,2022-04-01 to 2022-06-30,Model S/X,Vehicles_Produced,16411,reported,tesla_production_deliveries_Q2_2022_2022-07-05_tsla-ex991_6.htm,"Exhibit 99.1 quarterly production/deliveries table (first Production|Deliveries table; excludes later full-year table if present) — row 'Model S/X', Production column","Deliveries | Subject to operating lease accounting | Model S/X | 16,411 | 16,162 | 12% | Model 3/Y | 242,169 | 23",
2022Q2,2022-04-01 to 2022-06-30,Model S/X,Vehicles_Delivered,16162,reported,tesla_production_deliveries_Q2_2022_2022-07-05_tsla-ex991_6.htm,"Exhibit 99.1 quarterly production/deliveries table (first Production|Deliveries table; excludes later full-year table if present) — row 'Model S/X', Deliveries column","Deliveries | Subject to operating lease accounting | Model S/X | 16,411 | 16,162 | 12% | Model 3/Y | 242,169 | 23",
2022Q2,2022-04-01 to 2022-06-30,Model S/X,Production_Delivery_Gap,249,calculated,tesla_production_deliveries_Q2_2022_2022-07-05_tsla-ex991_6.htm,Calculated field (not printed as gap in source),16411 - 16162 = 249,"May reflect vehicles in transit, timing, logistics, demand, shutdowns, product mix, or reporting cutoffs — not labeled unsold inventory"
2022Q2,2022-04-01 to 2022-06-30,Model S/X,Delivery_Conversion_Rate,0.984827,calculated,tesla_production_deliveries_Q2_2022_2022-07-05_tsla-ex991_6.htm,Calculated field (Delivered / Produced),16162 / 16411 = 0.984827,
2022Q2,2022-04-01 to 2022-06-30,Model S/X,Energy_Storage_GWh,,reported,tesla_production_deliveries_Q2_2022_2022-07-05_tsla-ex991_6.htm,N/A — energy storage not disclosed by vehicle group,,Left null at vehicle-group grain; company-total energy stored on Total row only
2022Q2,2022-04-01 to 2022-06-30,Model 3/Y,Vehicles_Produced,242169,reported,tesla_production_deliveries_Q2_2022_2022-07-05_tsla-ex991_6.htm,"Exhibit 99.1 quarterly production/deliveries table (first Production|Deliveries table; excludes later full-year table if present) — row 'Model 3/Y', Production column","accounting | Model S/X | 16,411 | 16,162 | 12% | Model 3/Y | 242,169 | 238,533 | 3% | Total | 258,580 | 254,6",
2022Q2,2022-04-01 to 2022-06-30,Model 3/Y,Vehicles_Delivered,238533,reported,tesla_production_deliveries_Q2_2022_2022-07-05_tsla-ex991_6.htm,"Exhibit 99.1 quarterly production/deliveries table (first Production|Deliveries table; excludes later full-year table if present) — row 'Model 3/Y', Deliveries column","accounting | Model S/X | 16,411 | 16,162 | 12% | Model 3/Y | 242,169 | 238,533 | 3% | Total | 258,580 | 254,6",
2022Q2,2022-04-01 to 2022-06-30,Model 3/Y,Production_Delivery_Gap,3636,calculated,tesla_production_deliveries_Q2_2022_2022-07-05_tsla-ex991_6.htm,Calculated field (not printed as gap in source),242169 - 238533 = 3636,"May reflect vehicles in transit, timing, logistics, demand, shutdowns, product mix, or reporting cutoffs — not labeled unsold inventory"
2022Q2,2022-04-01 to 2022-06-30,Model 3/Y,Delivery_Conversion_Rate,0.984986,calculated,tesla_production_deliveries_Q2_2022_2022-07-05_tsla-ex991_6.htm,Calculated field (Delivered / Produced),238533 / 242169 = 0.984986,
2022Q2,2022-04-01 to 2022-06-30,Model 3/Y,Energy_Storage_GWh,,reported,tesla_production_deliveries_Q2_2022_2022-07-05_tsla-ex991_6.htm,N/A — energy storage not disclosed by vehicle group,,Left null at vehicle-group grain; company-total energy stored on Total row only
2022Q2,2022-04-01 to 2022-06-30,Total,Vehicles_Produced,258580,reported,tesla_production_deliveries_Q2_2022_2022-07-05_tsla-ex991_6.htm,"Exhibit 99.1 quarterly production/deliveries table (first Production|Deliveries table; excludes later full-year table if present) — row 'Total', Production column","62 | 12% | Model 3/Y | 242,169 | 238,533 | 3% | Total | 258,580 | 254,695 | 4% | *** Tesla will post it",
2022Q2,2022-04-01 to 2022-06-30,Total,Vehicles_Delivered,254695,reported,tesla_production_deliveries_Q2_2022_2022-07-05_tsla-ex991_6.htm,"Exhibit 99.1 quarterly production/deliveries table (first Production|Deliveries table; excludes later full-year table if present) — row 'Total', Deliveries column","62 | 12% | Model 3/Y | 242,169 | 238,533 | 3% | Total | 258,580 | 254,695 | 4% | *** Tesla will post it",
2022Q2,2022-04-01 to 2022-06-30,Total,Production_Delivery_Gap,3885,calculated,tesla_production_deliveries_Q2_2022_2022-07-05_tsla-ex991_6.htm,Calculated field (not printed as gap in source),258580 - 254695 = 3885,"May reflect vehicles in transit, timing, logistics, demand, shutdowns, product mix, or reporting cutoffs — not labeled unsold inventory"
2022Q2,2022-04-01 to 2022-06-30,Total,Delivery_Conversion_Rate,0.984976,calculated,tesla_production_deliveries_Q2_2022_2022-07-05_tsla-ex991_6.htm,Calculated field (Delivered / Produced),254695 / 258580 = 0.984976,
2022Q2,2022-04-01 to 2022-06-30,Total,Energy_Storage_GWh,,reported,tesla_production_deliveries_Q2_2022_2022-07-05_tsla-ex991_6.htm,Exhibit 99.1 narrative (energy storage),Energy storage deployment not stated in this release,Null when release does not disclose energy storage deployments
2023Q2,2023-04-01 to 2023-06-30,Model S/X,Vehicles_Produced,19489,reported,tesla_production_deliveries_Q2_2023_2023-07-03_tsla-ex99_1.htm,"Exhibit 99.1 quarterly production/deliveries table (first Production|Deliveries table; excludes later full-year table if present) — row 'Model S/X', Production column","n | Deliveries | Subject to operating lease accounting | Model S/X | 19,489 | 19,225 | 8% | Model 3/Y | 460,211 | 446,915 |",
2023Q2,2023-04-01 to 2023-06-30,Model S/X,Vehicles_Delivered,19225,reported,tesla_production_deliveries_Q2_2023_2023-07-03_tsla-ex99_1.htm,"Exhibit 99.1 quarterly production/deliveries table (first Production|Deliveries table; excludes later full-year table if present) — row 'Model S/X', Deliveries column","n | Deliveries | Subject to operating lease accounting | Model S/X | 19,489 | 19,225 | 8% | Model 3/Y | 460,211 | 446,915 |",
2023Q2,2023-04-01 to 2023-06-30,Model S/X,Production_Delivery_Gap,264,calculated,tesla_production_deliveries_Q2_2023_2023-07-03_tsla-ex99_1.htm,Calculated field (not printed as gap in source),19489 - 19225 = 264,"May reflect vehicles in transit, timing, logistics, demand, shutdowns, product mix, or reporting cutoffs — not labeled unsold inventory"
2023Q2,2023-04-01 to 2023-06-30,Model S/X,Delivery_Conversion_Rate,0.986454,calculated,tesla_production_deliveries_Q2_2023_2023-07-03_tsla-ex99_1.htm,Calculated field (Delivered / Produced),19225 / 19489 = 0.986454,
2023Q2,2023-04-01 to 2023-06-30,Model S/X,Energy_Storage_GWh,,reported,tesla_production_deliveries_Q2_2023_2023-07-03_tsla-ex99_1.htm,N/A — energy storage not disclosed by vehicle group,,Left null at vehicle-group grain; company-total energy stored on Total row only
2023Q2,2023-04-01 to 2023-06-30,Model 3/Y,Vehicles_Produced,460211,reported,tesla_production_deliveries_Q2_2023_2023-07-03_tsla-ex99_1.htm,"Exhibit 99.1 quarterly production/deliveries table (first Production|Deliveries table; excludes later full-year table if present) — row 'Model 3/Y', Production column","lease accounting | Model S/X | 19,489 | 19,225 | 8% | Model 3/Y | 460,211 | 446,915 | 5% | Total | 479,700 | 466,140 | 5",
2023Q2,2023-04-01 to 2023-06-30,Model 3/Y,Vehicles_Delivered,446915,reported,tesla_production_deliveries_Q2_2023_2023-07-03_tsla-ex99_1.htm,"Exhibit 99.1 quarterly production/deliveries table (first Production|Deliveries table; excludes later full-year table if present) — row 'Model 3/Y', Deliveries column","lease accounting | Model S/X | 19,489 | 19,225 | 8% | Model 3/Y | 460,211 | 446,915 | 5% | Total | 479,700 | 466,140 | 5",
2023Q2,2023-04-01 to 2023-06-30,Model 3/Y,Production_Delivery_Gap,13296,calculated,tesla_production_deliveries_Q2_2023_2023-07-03_tsla-ex99_1.htm,Calculated field (not printed as gap in source),460211 - 446915 = 13296,"May reflect vehicles in transit, timing, logistics, demand, shutdowns, product mix, or reporting cutoffs — not labeled unsold inventory"
2023Q2,2023-04-01 to 2023-06-30,Model 3/Y,Delivery_Conversion_Rate,0.971109,calculated,tesla_production_deliveries_Q2_2023_2023-07-03_tsla-ex99_1.htm,Calculated field (Delivered / Produced),446915 / 460211 = 0.971109,
2023Q2,2023-04-01 to 2023-06-30,Model 3/Y,Energy_Storage_GWh,,reported,tesla_production_deliveries_Q2_2023_2023-07-03_tsla-ex99_1.htm,N/A — energy storage not disclosed by vehicle group,,Left null at vehicle-group grain; company-total energy stored on Total row only
2023Q2,2023-04-01 to 2023-06-30,Total,Vehicles_Produced,479700,reported,tesla_production_deliveries_Q2_2023_2023-07-03_tsla-ex99_1.htm,"Exhibit 99.1 quarterly production/deliveries table (first Production|Deliveries table; excludes later full-year table if present) — row 'Total', Production column","| 19,225 | 8% | Model 3/Y | 460,211 | 446,915 | 5% | Total | 479,700 | 466,140 | 5% | *** Tesla will post its f",
2023Q2,2023-04-01 to 2023-06-30,Total,Vehicles_Delivered,466140,reported,tesla_production_deliveries_Q2_2023_2023-07-03_tsla-ex99_1.htm,"Exhibit 99.1 quarterly production/deliveries table (first Production|Deliveries table; excludes later full-year table if present) — row 'Total', Deliveries column","| 19,225 | 8% | Model 3/Y | 460,211 | 446,915 | 5% | Total | 479,700 | 466,140 | 5% | *** Tesla will post its f",
2023Q2,2023-04-01 to 2023-06-30,Total,Production_Delivery_Gap,13560,calculated,tesla_production_deliveries_Q2_2023_2023-07-03_tsla-ex99_1.htm,Calculated field (not printed as gap in source),479700 - 466140 = 13560,"May reflect vehicles in transit, timing, logistics, demand, shutdowns, product mix, or reporting cutoffs — not labeled unsold inventory"
2023Q2,2023-04-01 to 2023-06-30,Total,Delivery_Conversion_Rate,0.971732,calculated,tesla_production_deliveries_Q2_2023_2023-07-03_tsla-ex99_1.htm,Calculated field (Delivered / Produced),466140 / 479700 = 0.971732,
2023Q2,2023-04-01 to 2023-06-30,Total,Energy_Storage_GWh,,reported,tesla_production_deliveries_Q2_2023_2023-07-03_tsla-ex99_1.htm,Exhibit 99.1 narrative (energy storage),Energy storage deployment not stated in this release,Null when release does not disclose energy storage deployments
2024Q2,2024-04-01 to 2024-06-30,Model 3/Y,Vehicles_Produced,386576,reported,tesla_production_deliveries_Q2_2024_2024-07-02_exhibit991.htm,"Exhibit 99.1 quarterly production/deliveries table (first Production|Deliveries table; excludes later full-year table if present) — row 'Model 3/Y', Production column","n | Deliveries | Subject to operating lease accounting | Model 3/Y | 386,576 | 422,405 | 2% | Other Models | 24,255 | 21,55",
2024Q2,2024-04-01 to 2024-06-30,Model 3/Y,Vehicles_Delivered,422405,reported,tesla_production_deliveries_Q2_2024_2024-07-02_exhibit991.htm,"Exhibit 99.1 quarterly production/deliveries table (first Production|Deliveries table; excludes later full-year table if present) — row 'Model 3/Y', Deliveries column","n | Deliveries | Subject to operating lease accounting | Model 3/Y | 386,576 | 422,405 | 2% | Other Models | 24,255 | 21,55",
2024Q2,2024-04-01 to 2024-06-30,Model 3/Y,Production_Delivery_Gap,-35829,calculated,tesla_production_deliveries_Q2_2024_2024-07-02_exhibit991.htm,Calculated field (not printed as gap in source),386576 - 422405 = -35829,"May reflect vehicles in transit, timing, logistics, demand, shutdowns, product mix, or reporting cutoffs — not labeled unsold inventory"
2024Q2,2024-04-01 to 2024-06-30,Model 3/Y,Delivery_Conversion_Rate,1.092683,calculated,tesla_production_deliveries_Q2_2024_2024-07-02_exhibit991.htm,Calculated field (Delivered / Produced),422405 / 386576 = 1.092683,
2024Q2,2024-04-01 to 2024-06-30,Model 3/Y,Energy_Storage_GWh,,reported,tesla_production_deliveries_Q2_2024_2024-07-02_exhibit991.htm,N/A — energy storage not disclosed by vehicle group,,Left null at vehicle-group grain; company-total energy stored on Total row only
2024Q2,2024-04-01 to 2024-06-30,Other Models,Vehicles_Produced,24255,reported,tesla_production_deliveries_Q2_2024_2024-07-02_exhibit991.htm,"Exhibit 99.1 quarterly production/deliveries table (first Production|Deliveries table; excludes later full-year table if present) — row 'Other Models', Production column","lease accounting | Model 3/Y | 386,576 | 422,405 | 2% | Other Models | 24,255 | 21,551 | 1% | Total | 410,831 | 443,956 | 2%",
2024Q2,2024-04-01 to 2024-06-30,Other Models,Vehicles_Delivered,21551,reported,tesla_production_deliveries_Q2_2024_2024-07-02_exhibit991.htm,"Exhibit 99.1 quarterly production/deliveries table (first Production|Deliveries table; excludes later full-year table if present) — row 'Other Models', Deliveries column","lease accounting | Model 3/Y | 386,576 | 422,405 | 2% | Other Models | 24,255 | 21,551 | 1% | Total | 410,831 | 443,956 | 2%",
2024Q2,2024-04-01 to 2024-06-30,Other Models,Production_Delivery_Gap,2704,calculated,tesla_production_deliveries_Q2_2024_2024-07-02_exhibit991.htm,Calculated field (not printed as gap in source),24255 - 21551 = 2704,"May reflect vehicles in transit, timing, logistics, demand, shutdowns, product mix, or reporting cutoffs — not labeled unsold inventory"
2024Q2,2024-04-01 to 2024-06-30,Other Models,Delivery_Conversion_Rate,0.888518,calculated,tesla_production_deliveries_Q2_2024_2024-07-02_exhibit991.htm,Calculated field (Delivered / Produced),21551 / 24255 = 0.888518,
2024Q2,2024-04-01 to 2024-06-30,Other Models,Energy_Storage_GWh,,reported,tesla_production_deliveries_Q2_2024_2024-07-02_exhibit991.htm,N/A — energy storage not disclosed by vehicle group,,Left null at vehicle-group grain; company-total energy stored on Total row only
2024Q2,2024-04-01 to 2024-06-30,Total,Vehicles_Produced,410831,reported,tesla_production_deliveries_Q2_2024_2024-07-02_exhibit991.htm,"Exhibit 99.1 quarterly production/deliveries table (first Production|Deliveries table; excludes later full-year table if present) — row 'Total', Production column","6 | 422,405 | 2% | Other Models | 24,255 | 21,551 | 1% | Total | 410,831 | 443,956 | 2% | *** Tesla will post its finan",
2024Q2,2024-04-01 to 2024-06-30,Total,Vehicles_Delivered,443956,reported,tesla_production_deliveries_Q2_2024_2024-07-02_exhibit991.htm,"Exhibit 99.1 quarterly production/deliveries table (first Production|Deliveries table; excludes later full-year table if present) — row 'Total', Deliveries column","6 | 422,405 | 2% | Other Models | 24,255 | 21,551 | 1% | Total | 410,831 | 443,956 | 2% | *** Tesla will post its finan",
2024Q2,2024-04-01 to 2024-06-30,Total,Production_Delivery_Gap,-33125,calculated,tesla_production_deliveries_Q2_2024_2024-07-02_exhibit991.htm,Calculated field (not printed as gap in source),410831 - 443956 = -33125,"May reflect vehicles in transit, timing, logistics, demand, shutdowns, product mix, or reporting cutoffs — not labeled unsold inventory"
2024Q2,2024-04-01 to 2024-06-30,Total,Delivery_Conversion_Rate,1.080629,calculated,tesla_production_deliveries_Q2_2024_2024-07-02_exhibit991.htm,Calculated field (Delivered / Produced),443956 / 410831 = 1.080629,
2024Q2,2024-04-01 to 2024-06-30,Total,Energy_Storage_GWh,9.4,reported,tesla_production_deliveries_Q2_2024_2024-07-02_exhibit991.htm,Exhibit 99.1 opening narrative — energy storage deployments (GWh),"0 vehicles and delivered approximately 444,000 vehicles. We deployed 9.4 GWh of energy storage products in Q2, the highest quarterly deployment yet. |",Null when release does not disclose energy storage deployments
2025Q2,2025-04-01 to 2025-06-30,Model 3/Y,Vehicles_Produced,396835,reported,tesla_production_deliveries_Q2_2025_2025-07-02_exhibit99111.htm,"Exhibit 99.1 quarterly production/deliveries table (first Production|Deliveries table; excludes later full-year table if present) — row 'Model 3/Y', Production column","tion | Deliveries | Subject to operating lease accounting | Model 3/Y | 396,835 | 373,728 | 2% | Other Models | 13,409 | 10,394 |",
2025Q2,2025-04-01 to 2025-06-30,Model 3/Y,Vehicles_Delivered,373728,reported,tesla_production_deliveries_Q2_2025_2025-07-02_exhibit99111.htm,"Exhibit 99.1 quarterly production/deliveries table (first Production|Deliveries table; excludes later full-year table if present) — row 'Model 3/Y', Deliveries column","tion | Deliveries | Subject to operating lease accounting | Model 3/Y | 396,835 | 373,728 | 2% | Other Models | 13,409 | 10,394 |",
2025Q2,2025-04-01 to 2025-06-30,Model 3/Y,Production_Delivery_Gap,23107,calculated,tesla_production_deliveries_Q2_2025_2025-07-02_exhibit99111.htm,Calculated field (not printed as gap in source),396835 - 373728 = 23107,"May reflect vehicles in transit, timing, logistics, demand, shutdowns, product mix, or reporting cutoffs — not labeled unsold inventory"
2025Q2,2025-04-01 to 2025-06-30,Model 3/Y,Delivery_Conversion_Rate,0.941772,calculated,tesla_production_deliveries_Q2_2025_2025-07-02_exhibit99111.htm,Calculated field (Delivered / Produced),373728 / 396835 = 0.941772,
2025Q2,2025-04-01 to 2025-06-30,Model 3/Y,Energy_Storage_GWh,,reported,tesla_production_deliveries_Q2_2025_2025-07-02_exhibit99111.htm,N/A — energy storage not disclosed by vehicle group,,Left null at vehicle-group grain; company-total energy stored on Total row only
2025Q2,2025-04-01 to 2025-06-30,Other Models,Vehicles_Produced,13409,reported,tesla_production_deliveries_Q2_2025_2025-07-02_exhibit99111.htm,"Exhibit 99.1 quarterly production/deliveries table (first Production|Deliveries table; excludes later full-year table if present) — row 'Other Models', Production column","ing lease accounting | Model 3/Y | 396,835 | 373,728 | 2% | Other Models | 13,409 | 10,394 | 7% | Total | 410,244 | 384,122 | 2% | |",
2025Q2,2025-04-01 to 2025-06-30,Other Models,Vehicles_Delivered,10394,reported,tesla_production_deliveries_Q2_2025_2025-07-02_exhibit99111.htm,"Exhibit 99.1 quarterly production/deliveries table (first Production|Deliveries table; excludes later full-year table if present) — row 'Other Models', Deliveries column","ing lease accounting | Model 3/Y | 396,835 | 373,728 | 2% | Other Models | 13,409 | 10,394 | 7% | Total | 410,244 | 384,122 | 2% | |",
2025Q2,2025-04-01 to 2025-06-30,Other Models,Production_Delivery_Gap,3015,calculated,tesla_production_deliveries_Q2_2025_2025-07-02_exhibit99111.htm,Calculated field (not printed as gap in source),13409 - 10394 = 3015,"May reflect vehicles in transit, timing, logistics, demand, shutdowns, product mix, or reporting cutoffs — not labeled unsold inventory"
2025Q2,2025-04-01 to 2025-06-30,Other Models,Delivery_Conversion_Rate,0.775151,calculated,tesla_production_deliveries_Q2_2025_2025-07-02_exhibit99111.htm,Calculated field (Delivered / Produced),10394 / 13409 = 0.775151,
2025Q2,2025-04-01 to 2025-06-30,Other Models,Energy_Storage_GWh,,reported,tesla_production_deliveries_Q2_2025_2025-07-02_exhibit99111.htm,N/A — energy storage not disclosed by vehicle group,,Left null at vehicle-group grain; company-total energy stored on Total row only
2025Q2,2025-04-01 to 2025-06-30,Total,Vehicles_Produced,410244,reported,tesla_production_deliveries_Q2_2025_2025-07-02_exhibit99111.htm,"Exhibit 99.1 quarterly production/deliveries table (first Production|Deliveries table; excludes later full-year table if present) — row 'Total', Production column",",835 | 373,728 | 2% | Other Models | 13,409 | 10,394 | 7% | Total | 410,244 | 384,122 | 2% | | | | | | | | | *** Tesla will",
2025Q2,2025-04-01 to 2025-06-30,Total,Vehicles_Delivered,384122,reported,tesla_production_deliveries_Q2_2025_2025-07-02_exhibit99111.htm,"Exhibit 99.1 quarterly production/deliveries table (first Production|Deliveries table; excludes later full-year table if present) — row 'Total', Deliveries column",",835 | 373,728 | 2% | Other Models | 13,409 | 10,394 | 7% | Total | 410,244 | 384,122 | 2% | | | | | | | | | *** Tesla will",
2025Q2,2025-04-01 to 2025-06-30,Total,Production_Delivery_Gap,26122,calculated,tesla_production_deliveries_Q2_2025_2025-07-02_exhibit99111.htm,Calculated field (not printed as gap in source),410244 - 384122 = 26122,"May reflect vehicles in transit, timing, logistics, demand, shutdowns, product mix, or reporting cutoffs — not labeled unsold inventory"
2025Q2,2025-04-01 to 2025-06-30,Total,Delivery_Conversion_Rate,0.936326,calculated,tesla_production_deliveries_Q2_2025_2025-07-02_exhibit99111.htm,Calculated field (Delivered / Produced),384122 / 410244 = 0.936326,
2025Q2,2025-04-01 to 2025-06-30,Total,Energy_Storage_GWh,9.6,reported,tesla_production_deliveries_Q2_2025_2025-07-02_exhibit99111.htm,Exhibit 99.1 opening narrative — energy storage deployments (GWh),"over 410,000 vehicles, delivered over 384,000 vehicles and deployed 9.6 GWh of energy storage products. Thank you to all our customers, employees, suppli",Null when release does not disclose energy storage deployments
2026Q2,2026-04-01 to 2026-06-30,Model 3/Y,Vehicles_Produced,442936,reported,tesla_production_deliveries_Q2_2026_2026-07-02_exhibit99111111.htm,"Exhibit 99.1 quarterly production/deliveries table (first Production|Deliveries table; excludes later full-year table if present) — row 'Model 3/Y', Production column","on | Deliveries | Subject to operating lease accounting | | Model 3/Y | 442,936 | 467,762 | 2% | | Other Models | 8,822 | 12,364",
2026Q2,2026-04-01 to 2026-06-30,Model 3/Y,Vehicles_Delivered,467762,reported,tesla_production_deliveries_Q2_2026_2026-07-02_exhibit99111111.htm,"Exhibit 99.1 quarterly production/deliveries table (first Production|Deliveries table; excludes later full-year table if present) — row 'Model 3/Y', Deliveries column","on | Deliveries | Subject to operating lease accounting | | Model 3/Y | 442,936 | 467,762 | 2% | | Other Models | 8,822 | 12,364",
2026Q2,2026-04-01 to 2026-06-30,Model 3/Y,Production_Delivery_Gap,-24826,calculated,tesla_production_deliveries_Q2_2026_2026-07-02_exhibit99111111.htm,Calculated field (not printed as gap in source),442936 - 467762 = -24826,"May reflect vehicles in transit, timing, logistics, demand, shutdowns, product mix, or reporting cutoffs — not labeled unsold inventory"
2026Q2,2026-04-01 to 2026-06-30,Model 3/Y,Delivery_Conversion_Rate,1.056049,calculated,tesla_production_deliveries_Q2_2026_2026-07-02_exhibit99111111.htm,Calculated field (Delivered / Produced),467762 / 442936 = 1.056049,
2026Q2,2026-04-01 to 2026-06-30,Model 3/Y,Energy_Storage_GWh,,reported,tesla_production_deliveries_Q2_2026_2026-07-02_exhibit99111111.htm,N/A — energy storage not disclosed by vehicle group,,Left null at vehicle-group grain; company-total energy stored on Total row only
2026Q2,2026-04-01 to 2026-06-30,Other Models,Vehicles_Produced,8822,reported,tesla_production_deliveries_Q2_2026_2026-07-02_exhibit99111111.htm,"Exhibit 99.1 quarterly production/deliveries table (first Production|Deliveries table; excludes later full-year table if present) — row 'Other Models', Production column","lease accounting | | Model 3/Y | 442,936 | 467,762 | 2% | | Other Models | 8,822 | 12,364 | 2% | | Total | 451,758 | 480,126 | 2% |",
2026Q2,2026-04-01 to 2026-06-30,Other Models,Vehicles_Delivered,12364,reported,tesla_production_deliveries_Q2_2026_2026-07-02_exhibit99111111.htm,"Exhibit 99.1 quarterly production/deliveries table (first Production|Deliveries table; excludes later full-year table if present) — row 'Other Models', Deliveries column","lease accounting | | Model 3/Y | 442,936 | 467,762 | 2% | | Other Models | 8,822 | 12,364 | 2% | | Total | 451,758 | 480,126 | 2% |",
2026Q2,2026-04-01 to 2026-06-30,Other Models,Production_Delivery_Gap,-3542,calculated,tesla_production_deliveries_Q2_2026_2026-07-02_exhibit99111111.htm,Calculated field (not printed as gap in source),8822 - 12364 = -3542,"May reflect vehicles in transit, timing, logistics, demand, shutdowns, product mix, or reporting cutoffs — not labeled unsold inventory"
2026Q2,2026-04-01 to 2026-06-30,Other Models,Delivery_Conversion_Rate,1.401496,calculated,tesla_production_deliveries_Q2_2026_2026-07-02_exhibit99111111.htm,Calculated field (Delivered / Produced),12364 / 8822 = 1.401496,
2026Q2,2026-04-01 to 2026-06-30,Other Models,Energy_Storage_GWh,,reported,tesla_production_deliveries_Q2_2026_2026-07-02_exhibit99111111.htm,N/A — energy storage not disclosed by vehicle group,,Left null at vehicle-group grain; company-total energy stored on Total row only
2026Q2,2026-04-01 to 2026-06-30,Total,Vehicles_Produced,451758,reported,tesla_production_deliveries_Q2_2026_2026-07-02_exhibit99111111.htm,"Exhibit 99.1 quarterly production/deliveries table (first Production|Deliveries table; excludes later full-year table if present) — row 'Total', Production column","6 | 467,762 | 2% | | Other Models | 8,822 | 12,364 | 2% | | Total | 451,758 | 480,126 | 2% | | | | | | | | | | | | *** Tesl",
2026Q2,2026-04-01 to 2026-06-30,Total,Vehicles_Delivered,480126,reported,tesla_production_deliveries_Q2_2026_2026-07-02_exhibit99111111.htm,"Exhibit 99.1 quarterly production/deliveries table (first Production|Deliveries table; excludes later full-year table if present) — row 'Total', Deliveries column","6 | 467,762 | 2% | | Other Models | 8,822 | 12,364 | 2% | | Total | 451,758 | 480,126 | 2% | | | | | | | | | | | | *** Tesl",
2026Q2,2026-04-01 to 2026-06-30,Total,Production_Delivery_Gap,-28368,calculated,tesla_production_deliveries_Q2_2026_2026-07-02_exhibit99111111.htm,Calculated field (not printed as gap in source),451758 - 480126 = -28368,"May reflect vehicles in transit, timing, logistics, demand, shutdowns, product mix, or reporting cutoffs — not labeled unsold inventory"
2026Q2,2026-04-01 to 2026-06-30,Total,Delivery_Conversion_Rate,1.062795,calculated,tesla_production_deliveries_Q2_2026_2026-07-02_exhibit99111111.htm,Calculated field (Delivered / Produced),480126 / 451758 = 1.062795,
2026Q2,2026-04-01 to 2026-06-30,Total,Energy_Storage_GWh,13.5,reported,tesla_production_deliveries_Q2_2026_2026-07-02_exhibit99111111.htm,Exhibit 99.1 opening narrative — energy storage deployments (GWh),"over 450,000 vehicles, delivered over 480,000 vehicles and deployed 13.5 GWh of energy storage products. Thank you to all of our customers, employees, sup",Null when release does not disclose energy storage deployments
2022Q3,2022-07-01 to 2022-09-30,Model S/X,Vehicles_Produced,19935,reported,tesla_production_deliveries_Q3_2022_2022-10-03_tsla-ex991_6.htm,"Exhibit 99.1 quarterly production/deliveries table (first Production|Deliveries table; excludes later full-year table if present) — row 'Model S/X', Production column","Deliveries | Subject to operating lease accounting | Model S/X | 19,935 | 18,672 | 10% | Model 3/Y | 345,988 | 32",
2022Q3,2022-07-01 to 2022-09-30,Model S/X,Vehicles_Delivered,18672,reported,tesla_production_deliveries_Q3_2022_2022-10-03_tsla-ex991_6.htm,"Exhibit 99.1 quarterly production/deliveries table (first Production|Deliveries table; excludes later full-year table if present) — row 'Model S/X', Deliveries column","Deliveries | Subject to operating lease accounting | Model S/X | 19,935 | 18,672 | 10% | Model 3/Y | 345,988 | 32",
2022Q3,2022-07-01 to 2022-09-30,Model S/X,Production_Delivery_Gap,1263,calculated,tesla_production_deliveries_Q3_2022_2022-10-03_tsla-ex991_6.htm,Calculated field (not printed as gap in source),19935 - 18672 = 1263,"May reflect vehicles in transit, timing, logistics, demand, shutdowns, product mix, or reporting cutoffs — not labeled unsold inventory"
2022Q3,2022-07-01 to 2022-09-30,Model S/X,Delivery_Conversion_Rate,0.936644,calculated,tesla_production_deliveries_Q3_2022_2022-10-03_tsla-ex991_6.htm,Calculated field (Delivered / Produced),18672 / 19935 = 0.936644,
2022Q3,2022-07-01 to 2022-09-30,Model S/X,Energy_Storage_GWh,,reported,tesla_production_deliveries_Q3_2022_2022-10-03_tsla-ex991_6.htm,N/A — energy storage not disclosed by vehicle group,,Left null at vehicle-group grain; company-total energy stored on Total row only
2022Q3,2022-07-01 to 2022-09-30,Model 3/Y,Vehicles_Produced,345988,reported,tesla_production_deliveries_Q3_2022_2022-10-03_tsla-ex991_6.htm,"Exhibit 99.1 quarterly production/deliveries table (first Production|Deliveries table; excludes later full-year table if present) — row 'Model 3/Y', Production column","accounting | Model S/X | 19,935 | 18,672 | 10% | Model 3/Y | 345,988 | 325,158 | 3% | Total | 365,923 | 343,8",
2022Q3,2022-07-01 to 2022-09-30,Model 3/Y,Vehicles_Delivered,325158,reported,tesla_production_deliveries_Q3_2022_2022-10-03_tsla-ex991_6.htm,"Exhibit 99.1 quarterly production/deliveries table (first Production|Deliveries table; excludes later full-year table if present) — row 'Model 3/Y', Deliveries column","accounting | Model S/X | 19,935 | 18,672 | 10% | Model 3/Y | 345,988 | 325,158 | 3% | Total | 365,923 | 343,8",
2022Q3,2022-07-01 to 2022-09-30,Model 3/Y,Production_Delivery_Gap,20830,calculated,tesla_production_deliveries_Q3_2022_2022-10-03_tsla-ex991_6.htm,Calculated field (not printed as gap in source),345988 - 325158 = 20830,"May reflect vehicles in transit, timing, logistics, demand, shutdowns, product mix, or reporting cutoffs — not labeled unsold inventory"
2022Q3,2022-07-01 to 2022-09-30,Model 3/Y,Delivery_Conversion_Rate,0.939796,calculated,tesla_production_deliveries_Q3_2022_2022-10-03_tsla-ex991_6.htm,Calculated field (Delivered / Produced),325158 / 345988 = 0.939796,
2022Q3,2022-07-01 to 2022-09-30,Model 3/Y,Energy_Storage_GWh,,reported,tesla_production_deliveries_Q3_2022_2022-10-03_tsla-ex991_6.htm,N/A — energy storage not disclosed by vehicle group,,Left null at vehicle-group grain; company-total energy stored on Total row only
2022Q3,2022-07-01 to 2022-09-30,Total,Vehicles_Produced,365923,reported,tesla_production_deliveries_Q3_2022_2022-10-03_tsla-ex991_6.htm,"Exhibit 99.1 quarterly production/deliveries table (first Production|Deliveries table; excludes later full-year table if present) — row 'Total', Production column","72 | 10% | Model 3/Y | 345,988 | 325,158 | 3% | Total | 365,923 | 343,830 | 3% | *** Tesla will post its",
2022Q3,2022-07-01 to 2022-09-30,Total,Vehicles_Delivered,343830,reported,tesla_production_deliveries_Q3_2022_2022-10-03_tsla-ex991_6.htm,"Exhibit 99.1 quarterly production/deliveries table (first Production|Deliveries table; excludes later full-year table if present) — row 'Total', Deliveries column","72 | 10% | Model 3/Y | 345,988 | 325,158 | 3% | Total | 365,923 | 343,830 | 3% | *** Tesla will post its",
2022Q3,2022-07-01 to 2022-09-30,Total,Production_Delivery_Gap,22093,calculated,tesla_production_deliveries_Q3_2022_2022-10-03_tsla-ex991_6.htm,Calculated field (not printed as gap in source),365923 - 343830 = 22093,"May reflect vehicles in transit, timing, logistics, demand, shutdowns, product mix, or reporting cutoffs — not labeled unsold inventory"
2022Q3,2022-07-01 to 2022-09-30,Total,Delivery_Conversion_Rate,0.939624,calculated,tesla_production_deliveries_Q3_2022_2022-10-03_tsla-ex991_6.htm,Calculated field (Delivered / Produced),343830 / 365923 = 0.939624,
2022Q3,2022-07-01 to 2022-09-30,Total,Energy_Storage_GWh,,reported,tesla_production_deliveries_Q3_2022_2022-10-03_tsla-ex991_6.htm,Exhibit 99.1 narrative (energy storage),Energy storage deployment not stated in this release,Null when release does not disclose energy storage deployments
2023Q3,2023-07-01 to 2023-09-30,Model S/X,Vehicles_Produced,13688,reported,tesla_production_deliveries_Q3_2023_2023-10-02_tsla-ex99_1.htm,"Exhibit 99.1 quarterly production/deliveries table (first Production|Deliveries table; excludes later full-year table if present) — row 'Model S/X', Production column","n | Deliveries | Subject to operating lease accounting | Model S/X | 13,688 | 15,985 | 8% | Model 3/Y | 416,800 | 419,074 |",
2023Q3,2023-07-01 to 2023-09-30,Model S/X,Vehicles_Delivered,15985,reported,tesla_production_deliveries_Q3_2023_2023-10-02_tsla-ex99_1.htm,"Exhibit 99.1 quarterly production/deliveries table (first Production|Deliveries table; excludes later full-year table if present) — row 'Model S/X', Deliveries column","n | Deliveries | Subject to operating lease accounting | Model S/X | 13,688 | 15,985 | 8% | Model 3/Y | 416,800 | 419,074 |",
2023Q3,2023-07-01 to 2023-09-30,Model S/X,Production_Delivery_Gap,-2297,calculated,tesla_production_deliveries_Q3_2023_2023-10-02_tsla-ex99_1.htm,Calculated field (not printed as gap in source),13688 - 15985 = -2297,"May reflect vehicles in transit, timing, logistics, demand, shutdowns, product mix, or reporting cutoffs — not labeled unsold inventory"
2023Q3,2023-07-01 to 2023-09-30,Model S/X,Delivery_Conversion_Rate,1.167811,calculated,tesla_production_deliveries_Q3_2023_2023-10-02_tsla-ex99_1.htm,Calculated field (Delivered / Produced),15985 / 13688 = 1.167811,
2023Q3,2023-07-01 to 2023-09-30,Model S/X,Energy_Storage_GWh,,reported,tesla_production_deliveries_Q3_2023_2023-10-02_tsla-ex99_1.htm,N/A — energy storage not disclosed by vehicle group,,Left null at vehicle-group grain; company-total energy stored on Total row only
2023Q3,2023-07-01 to 2023-09-30,Model 3/Y,Vehicles_Produced,416800,reported,tesla_production_deliveries_Q3_2023_2023-10-02_tsla-ex99_1.htm,"Exhibit 99.1 quarterly production/deliveries table (first Production|Deliveries table; excludes later full-year table if present) — row 'Model 3/Y', Production column","lease accounting | Model S/X | 13,688 | 15,985 | 8% | Model 3/Y | 416,800 | 419,074 | 4% | Total | 430,488 | 435,059 | 4",
2023Q3,2023-07-01 to 2023-09-30,Model 3/Y,Vehicles_Delivered,419074,reported,tesla_production_deliveries_Q3_2023_2023-10-02_tsla-ex99_1.htm,"Exhibit 99.1 quarterly production/deliveries table (first Production|Deliveries table; excludes later full-year table if present) — row 'Model 3/Y', Deliveries column","lease accounting | Model S/X | 13,688 | 15,985 | 8% | Model 3/Y | 416,800 | 419,074 | 4% | Total | 430,488 | 435,059 | 4",
2023Q3,2023-07-01 to 2023-09-30,Model 3/Y,Production_Delivery_Gap,-2274,calculated,tesla_production_deliveries_Q3_2023_2023-10-02_tsla-ex99_1.htm,Calculated field (not printed as gap in source),416800 - 419074 = -2274,"May reflect vehicles in transit, timing, logistics, demand, shutdowns, product mix, or reporting cutoffs — not labeled unsold inventory"
2023Q3,2023-07-01 to 2023-09-30,Model 3/Y,Delivery_Conversion_Rate,1.005456,calculated,tesla_production_deliveries_Q3_2023_2023-10-02_tsla-ex99_1.htm,Calculated field (Delivered / Produced),419074 / 416800 = 1.005456,
2023Q3,2023-07-01 to 2023-09-30,Model 3/Y,Energy_Storage_GWh,,reported,tesla_production_deliveries_Q3_2023_2023-10-02_tsla-ex99_1.htm,N/A — energy storage not disclosed by vehicle group,,Left null at vehicle-group grain; company-total energy stored on Total row only
2023Q3,2023-07-01 to 2023-09-30,Total,Vehicles_Produced,430488,reported,tesla_production_deliveries_Q3_2023_2023-10-02_tsla-ex99_1.htm,"Exhibit 99.1 quarterly production/deliveries table (first Production|Deliveries table; excludes later full-year table if present) — row 'Total', Production column","| 15,985 | 8% | Model 3/Y | 416,800 | 419,074 | 4% | Total | 430,488 | 435,059 | 4% | *** Tesla will post its f",
2023Q3,2023-07-01 to 2023-09-30,Total,Vehicles_Delivered,435059,reported,tesla_production_deliveries_Q3_2023_2023-10-02_tsla-ex99_1.htm,"Exhibit 99.1 quarterly production/deliveries table (first Production|Deliveries table; excludes later full-year table if present) — row 'Total', Deliveries column","| 15,985 | 8% | Model 3/Y | 416,800 | 419,074 | 4% | Total | 430,488 | 435,059 | 4% | *** Tesla will post its f",
2023Q3,2023-07-01 to 2023-09-30,Total,Production_Delivery_Gap,-4571,calculated,tesla_production_deliveries_Q3_2023_2023-10-02_tsla-ex99_1.htm,Calculated field (not printed as gap in source),430488 - 435059 = -4571,"May reflect vehicles in transit, timing, logistics, demand, shutdowns, product mix, or reporting cutoffs — not labeled unsold inventory"
2023Q3,2023-07-01 to 2023-09-30,Total,Delivery_Conversion_Rate,1.010618,calculated,tesla_production_deliveries_Q3_2023_2023-10-02_tsla-ex99_1.htm,Calculated field (Delivered / Produced),435059 / 430488 = 1.010618,
2023Q3,2023-07-01 to 2023-09-30,Total,Energy_Storage_GWh,,reported,tesla_production_deliveries_Q3_2023_2023-10-02_tsla-ex99_1.htm,Exhibit 99.1 narrative (energy storage),Energy storage deployment not stated in this release,Null when release does not disclose energy storage deployments
2024Q3,2024-07-01 to 2024-09-30,Model 3/Y,Vehicles_Produced,443668,reported,tesla_production_deliveries_Q3_2024_2024-10-02_ex991.htm,"Exhibit 99.1 quarterly production/deliveries table (first Production|Deliveries table; excludes later full-year table if present) — row 'Model 3/Y', Production column","tion | Deliveries | Subject to operating lease accounting | Model 3/Y | 443,668 | 439,975 | 3% | Other Models | 26,128 | 22,915 |",
2024Q3,2024-07-01 to 2024-09-30,Model 3/Y,Vehicles_Delivered,439975,reported,tesla_production_deliveries_Q3_2024_2024-10-02_ex991.htm,"Exhibit 99.1 quarterly production/deliveries table (first Production|Deliveries table; excludes later full-year table if present) — row 'Model 3/Y', Deliveries column","tion | Deliveries | Subject to operating lease accounting | Model 3/Y | 443,668 | 439,975 | 3% | Other Models | 26,128 | 22,915 |",
2024Q3,2024-07-01 to 2024-09-30,Model 3/Y,Production_Delivery_Gap,3693,calculated,tesla_production_deliveries_Q3_2024_2024-10-02_ex991.htm,Calculated field (not printed as gap in source),443668 - 439975 = 3693,"May reflect vehicles in transit, timing, logistics, demand, shutdowns, product mix, or reporting cutoffs — not labeled unsold inventory"
2024Q3,2024-07-01 to 2024-09-30,Model 3/Y,Delivery_Conversion_Rate,0.991676,calculated,tesla_production_deliveries_Q3_2024_2024-10-02_ex991.htm,Calculated field (Delivered / Produced),439975 / 443668 = 0.991676,
2024Q3,2024-07-01 to 2024-09-30,Model 3/Y,Energy_Storage_GWh,,reported,tesla_production_deliveries_Q3_2024_2024-10-02_ex991.htm,N/A — energy storage not disclosed by vehicle group,,Left null at vehicle-group grain; company-total energy stored on Total row only
2024Q3,2024-07-01 to 2024-09-30,Other Models,Vehicles_Produced,26128,reported,tesla_production_deliveries_Q3_2024_2024-10-02_ex991.htm,"Exhibit 99.1 quarterly production/deliveries table (first Production|Deliveries table; excludes later full-year table if present) — row 'Other Models', Production column","ing lease accounting | Model 3/Y | 443,668 | 439,975 | 3% | Other Models | 26,128 | 22,915 | 1% | Total | 469,796 | 462,890 | 3% |",
2024Q3,2024-07-01 to 2024-09-30,Other Models,Vehicles_Delivered,22915,reported,tesla_production_deliveries_Q3_2024_2024-10-02_ex991.htm,"Exhibit 99.1 quarterly production/deliveries table (first Production|Deliveries table; excludes later full-year table if present) — row 'Other Models', Deliveries column","ing lease accounting | Model 3/Y | 443,668 | 439,975 | 3% | Other Models | 26,128 | 22,915 | 1% | Total | 469,796 | 462,890 | 3% |",
2024Q3,2024-07-01 to 2024-09-30,Other Models,Production_Delivery_Gap,3213,calculated,tesla_production_deliveries_Q3_2024_2024-10-02_ex991.htm,Calculated field (not printed as gap in source),26128 - 22915 = 3213,"May reflect vehicles in transit, timing, logistics, demand, shutdowns, product mix, or reporting cutoffs — not labeled unsold inventory"
2024Q3,2024-07-01 to 2024-09-30,Other Models,Delivery_Conversion_Rate,0.877028,calculated,tesla_production_deliveries_Q3_2024_2024-10-02_ex991.htm,Calculated field (Delivered / Produced),22915 / 26128 = 0.877028,
2024Q3,2024-07-01 to 2024-09-30,Other Models,Energy_Storage_GWh,,reported,tesla_production_deliveries_Q3_2024_2024-10-02_ex991.htm,N/A — energy storage not disclosed by vehicle group,,Left null at vehicle-group grain; company-total energy stored on Total row only
2024Q3,2024-07-01 to 2024-09-30,Total,Vehicles_Produced,469796,reported,tesla_production_deliveries_Q3_2024_2024-10-02_ex991.htm,"Exhibit 99.1 quarterly production/deliveries table (first Production|Deliveries table; excludes later full-year table if present) — row 'Total', Production column",",668 | 439,975 | 3% | Other Models | 26,128 | 22,915 | 1% | Total | 469,796 | 462,890 | 3% | *** Tesla will post its financ",
2024Q3,2024-07-01 to 2024-09-30,Total,Vehicles_Delivered,462890,reported,tesla_production_deliveries_Q3_2024_2024-10-02_ex991.htm,"Exhibit 99.1 quarterly production/deliveries table (first Production|Deliveries table; excludes later full-year table if present) — row 'Total', Deliveries column",",668 | 439,975 | 3% | Other Models | 26,128 | 22,915 | 1% | Total | 469,796 | 462,890 | 3% | *** Tesla will post its financ",
2024Q3,2024-07-01 to 2024-09-30,Total,Production_Delivery_Gap,6906,calculated,tesla_production_deliveries_Q3_2024_2024-10-02_ex991.htm,Calculated field (not printed as gap in source),469796 - 462890 = 6906,"May reflect vehicles in transit, timing, logistics, demand, shutdowns, product mix, or reporting cutoffs — not labeled unsold inventory"
2024Q3,2024-07-01 to 2024-09-30,Total,Delivery_Conversion_Rate,0.9853,calculated,tesla_production_deliveries_Q3_2024_2024-10-02_ex991.htm,Calculated field (Delivered / Produced),462890 / 469796 = 0.9853,
2024Q3,2024-07-01 to 2024-09-30,Total,Energy_Storage_GWh,6.9,reported,tesla_production_deliveries_Q3_2024_2024-10-02_ex991.htm,Exhibit 99.1 opening narrative — energy storage deployments (GWh),",000 vehicles, delivered approximately 463,000 vehicles and deployed 6.9 GWh of energy storage products. | | | | | | | | | | | | | Production | Deliveri",Null when release does not disclose energy storage deployments
2025Q3,2025-07-01 to 2025-09-30,Model 3/Y,Vehicles_Produced,435826,reported,tesla_production_deliveries_Q3_2025_2025-10-02_exhibit991111.htm,"Exhibit 99.1 quarterly production/deliveries table (first Production|Deliveries table; excludes later full-year table if present) — row 'Model 3/Y', Production column","on | Deliveries | Subject to operating lease accounting | | Model 3/Y | 435,826 | 481,166 | 2% | | Other Models | 11,624 | 15,933",
2025Q3,2025-07-01 to 2025-09-30,Model 3/Y,Vehicles_Delivered,481166,reported,tesla_production_deliveries_Q3_2025_2025-10-02_exhibit991111.htm,"Exhibit 99.1 quarterly production/deliveries table (first Production|Deliveries table; excludes later full-year table if present) — row 'Model 3/Y', Deliveries column","on | Deliveries | Subject to operating lease accounting | | Model 3/Y | 435,826 | 481,166 | 2% | | Other Models | 11,624 | 15,933",
2025Q3,2025-07-01 to 2025-09-30,Model 3/Y,Production_Delivery_Gap,-45340,calculated,tesla_production_deliveries_Q3_2025_2025-10-02_exhibit991111.htm,Calculated field (not printed as gap in source),435826 - 481166 = -45340,"May reflect vehicles in transit, timing, logistics, demand, shutdowns, product mix, or reporting cutoffs — not labeled unsold inventory"
2025Q3,2025-07-01 to 2025-09-30,Model 3/Y,Delivery_Conversion_Rate,1.104032,calculated,tesla_production_deliveries_Q3_2025_2025-10-02_exhibit991111.htm,Calculated field (Delivered / Produced),481166 / 435826 = 1.104032,
2025Q3,2025-07-01 to 2025-09-30,Model 3/Y,Energy_Storage_GWh,,reported,tesla_production_deliveries_Q3_2025_2025-10-02_exhibit991111.htm,N/A — energy storage not disclosed by vehicle group,,Left null at vehicle-group grain; company-total energy stored on Total row only
2025Q3,2025-07-01 to 2025-09-30,Other Models,Vehicles_Produced,11624,reported,tesla_production_deliveries_Q3_2025_2025-10-02_exhibit991111.htm,"Exhibit 99.1 quarterly production/deliveries table (first Production|Deliveries table; excludes later full-year table if present) — row 'Other Models', Production column","lease accounting | | Model 3/Y | 435,826 | 481,166 | 2% | | Other Models | 11,624 | 15,933 | 7% | | Total | 447,450 | 497,099 | 2% |",
2025Q3,2025-07-01 to 2025-09-30,Other Models,Vehicles_Delivered,15933,reported,tesla_production_deliveries_Q3_2025_2025-10-02_exhibit991111.htm,"Exhibit 99.1 quarterly production/deliveries table (first Production|Deliveries table; excludes later full-year table if present) — row 'Other Models', Deliveries column","lease accounting | | Model 3/Y | 435,826 | 481,166 | 2% | | Other Models | 11,624 | 15,933 | 7% | | Total | 447,450 | 497,099 | 2% |",
2025Q3,2025-07-01 to 2025-09-30,Other Models,Production_Delivery_Gap,-4309,calculated,tesla_production_deliveries_Q3_2025_2025-10-02_exhibit991111.htm,Calculated field (not printed as gap in source),11624 - 15933 = -4309,"May reflect vehicles in transit, timing, logistics, demand, shutdowns, product mix, or reporting cutoffs — not labeled unsold inventory"
2025Q3,2025-07-01 to 2025-09-30,Other Models,Delivery_Conversion_Rate,1.370699,calculated,tesla_production_deliveries_Q3_2025_2025-10-02_exhibit991111.htm,Calculated field (Delivered / Produced),15933 / 11624 = 1.370699,
2025Q3,2025-07-01 to 2025-09-30,Other Models,Energy_Storage_GWh,,reported,tesla_production_deliveries_Q3_2025_2025-10-02_exhibit991111.htm,N/A — energy storage not disclosed by vehicle group,,Left null at vehicle-group grain; company-total energy stored on Total row only
2025Q3,2025-07-01 to 2025-09-30,Total,Vehicles_Produced,447450,reported,tesla_production_deliveries_Q3_2025_2025-10-02_exhibit991111.htm,"Exhibit 99.1 quarterly production/deliveries table (first Production|Deliveries table; excludes later full-year table if present) — row 'Total', Production column","| 481,166 | 2% | | Other Models | 11,624 | 15,933 | 7% | | Total | 447,450 | 497,099 | 2% | | | | | | | | | | | | *** Tesl",
2025Q3,2025-07-01 to 2025-09-30,Total,Vehicles_Delivered,497099,reported,tesla_production_deliveries_Q3_2025_2025-10-02_exhibit991111.htm,"Exhibit 99.1 quarterly production/deliveries table (first Production|Deliveries table; excludes later full-year table if present) — row 'Total', Deliveries column","| 481,166 | 2% | | Other Models | 11,624 | 15,933 | 7% | | Total | 447,450 | 497,099 | 2% | | | | | | | | | | | | *** Tesl",
2025Q3,2025-07-01 to 2025-09-30,Total,Production_Delivery_Gap,-49649,calculated,tesla_production_deliveries_Q3_2025_2025-10-02_exhibit991111.htm,Calculated field (not printed as gap in source),447450 - 497099 = -49649,"May reflect vehicles in transit, timing, logistics, demand, shutdowns, product mix, or reporting cutoffs — not labeled unsold inventory"
2025Q3,2025-07-01 to 2025-09-30,Total,Delivery_Conversion_Rate,1.11096,calculated,tesla_production_deliveries_Q3_2025_2025-10-02_exhibit991111.htm,Calculated field (Delivered / Produced),497099 / 447450 = 1.11096,
2025Q3,2025-07-01 to 2025-09-30,Total,Energy_Storage_GWh,12.5,reported,tesla_production_deliveries_Q3_2025_2025-10-02_exhibit991111.htm,Exhibit 99.1 opening narrative — energy storage deployments (GWh),"over 447,000 vehicles, delivered over 497,000 vehicles and deployed 12.5 GWh of energy storage products – a record for both deliveries and deployments. Th",Null when release does not disclose energy storage deployments
2022Q4,2022-10-01 to 2022-12-31,Model S/X,Vehicles_Produced,20613,reported,tesla_production_deliveries_Q4_2022_2023-01-03_tsla-ex991_6.htm,"Exhibit 99.1 quarterly production/deliveries table (first Production|Deliveries table; excludes later full-year table if present) — row 'Model S/X', Production column","Deliveries | Subject to operating lease accounting | Model S/X | 20,613 | 17,147 | 9% | Model 3/Y | 419,088 | 388",
2022Q4,2022-10-01 to 2022-12-31,Model S/X,Vehicles_Delivered,17147,reported,tesla_production_deliveries_Q4_2022_2023-01-03_tsla-ex991_6.htm,"Exhibit 99.1 quarterly production/deliveries table (first Production|Deliveries table; excludes later full-year table if present) — row 'Model S/X', Deliveries column","Deliveries | Subject to operating lease accounting | Model S/X | 20,613 | 17,147 | 9% | Model 3/Y | 419,088 | 388",
2022Q4,2022-10-01 to 2022-12-31,Model S/X,Production_Delivery_Gap,3466,calculated,tesla_production_deliveries_Q4_2022_2023-01-03_tsla-ex991_6.htm,Calculated field (not printed as gap in source),20613 - 17147 = 3466,"May reflect vehicles in transit, timing, logistics, demand, shutdowns, product mix, or reporting cutoffs — not labeled unsold inventory"
2022Q4,2022-10-01 to 2022-12-31,Model S/X,Delivery_Conversion_Rate,0.831854,calculated,tesla_production_deliveries_Q4_2022_2023-01-03_tsla-ex991_6.htm,Calculated field (Delivered / Produced),17147 / 20613 = 0.831854,
2022Q4,2022-10-01 to 2022-12-31,Model S/X,Energy_Storage_GWh,,reported,tesla_production_deliveries_Q4_2022_2023-01-03_tsla-ex991_6.htm,N/A — energy storage not disclosed by vehicle group,,Left null at vehicle-group grain; company-total energy stored on Total row only
2022Q4,2022-10-01 to 2022-12-31,Model 3/Y,Vehicles_Produced,419088,reported,tesla_production_deliveries_Q4_2022_2023-01-03_tsla-ex991_6.htm,"Exhibit 99.1 quarterly production/deliveries table (first Production|Deliveries table; excludes later full-year table if present) — row 'Model 3/Y', Production column","accounting | Model S/X | 20,613 | 17,147 | 9% | Model 3/Y | 419,088 | 388,131 | 4% | Total | 439,701 | 405,2",
2022Q4,2022-10-01 to 2022-12-31,Model 3/Y,Vehicles_Delivered,388131,reported,tesla_production_deliveries_Q4_2022_2023-01-03_tsla-ex991_6.htm,"Exhibit 99.1 quarterly production/deliveries table (first Production|Deliveries table; excludes later full-year table if present) — row 'Model 3/Y', Deliveries column","accounting | Model S/X | 20,613 | 17,147 | 9% | Model 3/Y | 419,088 | 388,131 | 4% | Total | 439,701 | 405,2",
2022Q4,2022-10-01 to 2022-12-31,Model 3/Y,Production_Delivery_Gap,30957,calculated,tesla_production_deliveries_Q4_2022_2023-01-03_tsla-ex991_6.htm,Calculated field (not printed as gap in source),419088 - 388131 = 30957,"May reflect vehicles in transit, timing, logistics, demand, shutdowns, product mix, or reporting cutoffs — not labeled unsold inventory"
2022Q4,2022-10-01 to 2022-12-31,Model 3/Y,Delivery_Conversion_Rate,0.926132,calculated,tesla_production_deliveries_Q4_2022_2023-01-03_tsla-ex991_6.htm,Calculated field (Delivered / Produced),388131 / 419088 = 0.926132,
2022Q4,2022-10-01 to 2022-12-31,Model 3/Y,Energy_Storage_GWh,,reported,tesla_production_deliveries_Q4_2022_2023-01-03_tsla-ex991_6.htm,N/A — energy storage not disclosed by vehicle group,,Left null at vehicle-group grain; company-total energy stored on Total row only
2022Q4,2022-10-01 to 2022-12-31,Total,Vehicles_Produced,439701,reported,tesla_production_deliveries_Q4_2022_2023-01-03_tsla-ex991_6.htm,"Exhibit 99.1 quarterly production/deliveries table (first Production|Deliveries table; excludes later full-year table if present) — row 'Total', Production column","147 | 9% | Model 3/Y | 419,088 | 388,131 | 4% | Total | 439,701 | 405,278 | 4% | | | | 2022 |",
2022Q4,2022-10-01 to 2022-12-31,Total,Vehicles_Delivered,405278,reported,tesla_production_deliveries_Q4_2022_2023-01-03_tsla-ex991_6.htm,"Exhibit 99.1 quarterly production/deliveries table (first Production|Deliveries table; excludes later full-year table if present) — row 'Total', Deliveries column","147 | 9% | Model 3/Y | 419,088 | 388,131 | 4% | Total | 439,701 | 405,278 | 4% | | | | 2022 |",
2022Q4,2022-10-01 to 2022-12-31,Total,Production_Delivery_Gap,34423,calculated,tesla_production_deliveries_Q4_2022_2023-01-03_tsla-ex991_6.htm,Calculated field (not printed as gap in source),439701 - 405278 = 34423,"May reflect vehicles in transit, timing, logistics, demand, shutdowns, product mix, or reporting cutoffs — not labeled unsold inventory"
2022Q4,2022-10-01 to 2022-12-31,Total,Delivery_Conversion_Rate,0.921713,calculated,tesla_production_deliveries_Q4_2022_2023-01-03_tsla-ex991_6.htm,Calculated field (Delivered / Produced),405278 / 439701 = 0.921713,
2022Q4,2022-10-01 to 2022-12-31,Total,Energy_Storage_GWh,,reported,tesla_production_deliveries_Q4_2022_2023-01-03_tsla-ex991_6.htm,Exhibit 99.1 narrative (energy storage),Energy storage deployment not stated in this release,Null when release does not disclose energy storage deployments
2023Q4,2023-10-01 to 2023-12-31,Model 3/Y,Vehicles_Produced,476777,reported,tesla_production_deliveries_Q4_2023_2024-01-02_tsla-ex99_1.htm,"Exhibit 99.1 quarterly production/deliveries table (first Production|Deliveries table; excludes later full-year table if present) — row 'Model 3/Y', Production column","n | Deliveries | Subject to operating lease accounting | Model 3/Y | 476,777 | 461,538 | 2% | Other Models | 18,212 | 22,96",
2023Q4,2023-10-01 to 2023-12-31,Model 3/Y,Vehicles_Delivered,461538,reported,tesla_production_deliveries_Q4_2023_2024-01-02_tsla-ex99_1.htm,"Exhibit 99.1 quarterly production/deliveries table (first Production|Deliveries table; excludes later full-year table if present) — row 'Model 3/Y', Deliveries column","n | Deliveries | Subject to operating lease accounting | Model 3/Y | 476,777 | 461,538 | 2% | Other Models | 18,212 | 22,96",
2023Q4,2023-10-01 to 2023-12-31,Model 3/Y,Production_Delivery_Gap,15239,calculated,tesla_production_deliveries_Q4_2023_2024-01-02_tsla-ex99_1.htm,Calculated field (not printed as gap in source),476777 - 461538 = 15239,"May reflect vehicles in transit, timing, logistics, demand, shutdowns, product mix, or reporting cutoffs — not labeled unsold inventory"
2023Q4,2023-10-01 to 2023-12-31,Model 3/Y,Delivery_Conversion_Rate,0.968037,calculated,tesla_production_deliveries_Q4_2023_2024-01-02_tsla-ex99_1.htm,Calculated field (Delivered / Produced),461538 / 476777 = 0.968037,
2023Q4,2023-10-01 to 2023-12-31,Model 3/Y,Energy_Storage_GWh,,reported,tesla_production_deliveries_Q4_2023_2024-01-02_tsla-ex99_1.htm,N/A — energy storage not disclosed by vehicle group,,Left null at vehicle-group grain; company-total energy stored on Total row only
2023Q4,2023-10-01 to 2023-12-31,Other Models,Vehicles_Produced,18212,reported,tesla_production_deliveries_Q4_2023_2024-01-02_tsla-ex99_1.htm,"Exhibit 99.1 quarterly production/deliveries table (first Production|Deliveries table; excludes later full-year table if present) — row 'Other Models', Production column","ase accounting | Model 3/Y | 476,777 | 461,538 | 2% | Other Models | 18,212 | 22,969 | 3% | Total | 494,989 | 484,507 | 2%",
2023Q4,2023-10-01 to 2023-12-31,Other Models,Vehicles_Delivered,22969,reported,tesla_production_deliveries_Q4_2023_2024-01-02_tsla-ex99_1.htm,"Exhibit 99.1 quarterly production/deliveries table (first Production|Deliveries table; excludes later full-year table if present) — row 'Other Models', Deliveries column","ase accounting | Model 3/Y | 476,777 | 461,538 | 2% | Other Models | 18,212 | 22,969 | 3% | Total | 494,989 | 484,507 | 2%",
2023Q4,2023-10-01 to 2023-12-31,Other Models,Production_Delivery_Gap,-4757,calculated,tesla_production_deliveries_Q4_2023_2024-01-02_tsla-ex99_1.htm,Calculated field (not printed as gap in source),18212 - 22969 = -4757,"May reflect vehicles in transit, timing, logistics, demand, shutdowns, product mix, or reporting cutoffs — not labeled unsold inventory"
2023Q4,2023-10-01 to 2023-12-31,Other Models,Delivery_Conversion_Rate,1.261201,calculated,tesla_production_deliveries_Q4_2023_2024-01-02_tsla-ex99_1.htm,Calculated field (Delivered / Produced),22969 / 18212 = 1.261201,
2023Q4,2023-10-01 to 2023-12-31,Other Models,Energy_Storage_GWh,,reported,tesla_production_deliveries_Q4_2023_2024-01-02_tsla-ex99_1.htm,N/A — energy storage not disclosed by vehicle group,,Left null at vehicle-group grain; company-total energy stored on Total row only
2023Q4,2023-10-01 to 2023-12-31,Total,Vehicles_Produced,494989,reported,tesla_production_deliveries_Q4_2023_2024-01-02_tsla-ex99_1.htm,"Exhibit 99.1 quarterly production/deliveries table (first Production|Deliveries table; excludes later full-year table if present) — row 'Total', Production column","461,538 | 2% | Other Models | 18,212 | 22,969 | 3% | Total | 494,989 | 484,507 | 2% | 2023 | | | | Production",
2023Q4,2023-10-01 to 2023-12-31,Total,Vehicles_Delivered,484507,reported,tesla_production_deliveries_Q4_2023_2024-01-02_tsla-ex99_1.htm,"Exhibit 99.1 quarterly production/deliveries table (first Production|Deliveries table; excludes later full-year table if present) — row 'Total', Deliveries column","461,538 | 2% | Other Models | 18,212 | 22,969 | 3% | Total | 494,989 | 484,507 | 2% | 2023 | | | | Production",
2023Q4,2023-10-01 to 2023-12-31,Total,Production_Delivery_Gap,10482,calculated,tesla_production_deliveries_Q4_2023_2024-01-02_tsla-ex99_1.htm,Calculated field (not printed as gap in source),494989 - 484507 = 10482,"May reflect vehicles in transit, timing, logistics, demand, shutdowns, product mix, or reporting cutoffs — not labeled unsold inventory"
2023Q4,2023-10-01 to 2023-12-31,Total,Delivery_Conversion_Rate,0.978824,calculated,tesla_production_deliveries_Q4_2023_2024-01-02_tsla-ex99_1.htm,Calculated field (Delivered / Produced),484507 / 494989 = 0.978824,
2023Q4,2023-10-01 to 2023-12-31,Total,Energy_Storage_GWh,,reported,tesla_production_deliveries_Q4_2023_2024-01-02_tsla-ex99_1.htm,Exhibit 99.1 narrative (energy storage),Energy storage deployment not stated in this release,Null when release does not disclose energy storage deployments
2024Q4,2024-10-01 to 2024-12-31,Model 3/Y,Vehicles_Produced,436718,reported,tesla_production_deliveries_Q4_2024_2025-01-02_exhibit991.htm,"Exhibit 99.1 quarterly production/deliveries table (first Production|Deliveries table; excludes later full-year table if present) — row 'Model 3/Y', Production column","tion | Deliveries | Subject to operating lease accounting | Model 3/Y | 436,718 | 471,930 | 5% | Other Models | 22,727 | 23,640 |",
2024Q4,2024-10-01 to 2024-12-31,Model 3/Y,Vehicles_Delivered,471930,reported,tesla_production_deliveries_Q4_2024_2025-01-02_exhibit991.htm,"Exhibit 99.1 quarterly production/deliveries table (first Production|Deliveries table; excludes later full-year table if present) — row 'Model 3/Y', Deliveries column","tion | Deliveries | Subject to operating lease accounting | Model 3/Y | 436,718 | 471,930 | 5% | Other Models | 22,727 | 23,640 |",
2024Q4,2024-10-01 to 2024-12-31,Model 3/Y,Production_Delivery_Gap,-35212,calculated,tesla_production_deliveries_Q4_2024_2025-01-02_exhibit991.htm,Calculated field (not printed as gap in source),436718 - 471930 = -35212,"May reflect vehicles in transit, timing, logistics, demand, shutdowns, product mix, or reporting cutoffs — not labeled unsold inventory"
2024Q4,2024-10-01 to 2024-12-31,Model 3/Y,Delivery_Conversion_Rate,1.080629,calculated,tesla_production_deliveries_Q4_2024_2025-01-02_exhibit991.htm,Calculated field (Delivered / Produced),471930 / 436718 = 1.080629,
2024Q4,2024-10-01 to 2024-12-31,Model 3/Y,Energy_Storage_GWh,,reported,tesla_production_deliveries_Q4_2024_2025-01-02_exhibit991.htm,N/A — energy storage not disclosed by vehicle group,,Left null at vehicle-group grain; company-total energy stored on Total row only
2024Q4,2024-10-01 to 2024-12-31,Other Models,Vehicles_Produced,22727,reported,tesla_production_deliveries_Q4_2024_2025-01-02_exhibit991.htm,"Exhibit 99.1 quarterly production/deliveries table (first Production|Deliveries table; excludes later full-year table if present) — row 'Other Models', Production column","ing lease accounting | Model 3/Y | 436,718 | 471,930 | 5% | Other Models | 22,727 | 23,640 | 6% | Total | 459,445 | 495,570 | 5% |",
2024Q4,2024-10-01 to 2024-12-31,Other Models,Vehicles_Delivered,23640,reported,tesla_production_deliveries_Q4_2024_2025-01-02_exhibit991.htm,"Exhibit 99.1 quarterly production/deliveries table (first Production|Deliveries table; excludes later full-year table if present) — row 'Other Models', Deliveries column","ing lease accounting | Model 3/Y | 436,718 | 471,930 | 5% | Other Models | 22,727 | 23,640 | 6% | Total | 459,445 | 495,570 | 5% |",
2024Q4,2024-10-01 to 2024-12-31,Other Models,Production_Delivery_Gap,-913,calculated,tesla_production_deliveries_Q4_2024_2025-01-02_exhibit991.htm,Calculated field (not printed as gap in source),22727 - 23640 = -913,"May reflect vehicles in transit, timing, logistics, demand, shutdowns, product mix, or reporting cutoffs — not labeled unsold inventory"
2024Q4,2024-10-01 to 2024-12-31,Other Models,Delivery_Conversion_Rate,1.040172,calculated,tesla_production_deliveries_Q4_2024_2025-01-02_exhibit991.htm,Calculated field (Delivered / Produced),23640 / 22727 = 1.040172,
2024Q4,2024-10-01 to 2024-12-31,Other Models,Energy_Storage_GWh,,reported,tesla_production_deliveries_Q4_2024_2025-01-02_exhibit991.htm,N/A — energy storage not disclosed by vehicle group,,Left null at vehicle-group grain; company-total energy stored on Total row only
2024Q4,2024-10-01 to 2024-12-31,Total,Vehicles_Produced,459445,reported,tesla_production_deliveries_Q4_2024_2025-01-02_exhibit991.htm,"Exhibit 99.1 quarterly production/deliveries table (first Production|Deliveries table; excludes later full-year table if present) — row 'Total', Production column",",718 | 471,930 | 5% | Other Models | 22,727 | 23,640 | 6% | Total | 459,445 | 495,570 | 5% | 2024 | | | | | | | | | | Pro",
2024Q4,2024-10-01 to 2024-12-31,Total,Vehicles_Delivered,495570,reported,tesla_production_deliveries_Q4_2024_2025-01-02_exhibit991.htm,"Exhibit 99.1 quarterly production/deliveries table (first Production|Deliveries table; excludes later full-year table if present) — row 'Total', Deliveries column",",718 | 471,930 | 5% | Other Models | 22,727 | 23,640 | 6% | Total | 459,445 | 495,570 | 5% | 2024 | | | | | | | | | | Pro",
2024Q4,2024-10-01 to 2024-12-31,Total,Production_Delivery_Gap,-36125,calculated,tesla_production_deliveries_Q4_2024_2025-01-02_exhibit991.htm,Calculated field (not printed as gap in source),459445 - 495570 = -36125,"May reflect vehicles in transit, timing, logistics, demand, shutdowns, product mix, or reporting cutoffs — not labeled unsold inventory"
2024Q4,2024-10-01 to 2024-12-31,Total,Delivery_Conversion_Rate,1.078627,calculated,tesla_production_deliveries_Q4_2024_2025-01-02_exhibit991.htm,Calculated field (Delivered / Produced),495570 / 459445 = 1.078627,
2024Q4,2024-10-01 to 2024-12-31,Total,Energy_Storage_GWh,11.0,reported,tesla_production_deliveries_Q4_2024_2025-01-02_exhibit991.htm,Exhibit 99.1 opening narrative — energy storage deployments (GWh),"ately 459,000 vehicles, delivered over 495,000 vehicles and deployed 11.0 GWh of energy storage products – a record for both deliveries and deployments.",Null when release does not disclose energy storage deployments
2025Q4,2025-10-01 to 2025-12-31,Model 3/Y,Vehicles_Produced,422652,reported,tesla_production_deliveries_Q4_2025_2026-01-02_exhibit9914.htm,"Exhibit 99.1 quarterly production/deliveries table (first Production|Deliveries table; excludes later full-year table if present) — row 'Model 3/Y', Production column","tion | Deliveries | Subject to operating lease accounting | Model 3/Y | 422,652 | 406,585 | 3% | Other Models | 11,706 | 11,642 |",
2025Q4,2025-10-01 to 2025-12-31,Model 3/Y,Vehicles_Delivered,406585,reported,tesla_production_deliveries_Q4_2025_2026-01-02_exhibit9914.htm,"Exhibit 99.1 quarterly production/deliveries table (first Production|Deliveries table; excludes later full-year table if present) — row 'Model 3/Y', Deliveries column","tion | Deliveries | Subject to operating lease accounting | Model 3/Y | 422,652 | 406,585 | 3% | Other Models | 11,706 | 11,642 |",
2025Q4,2025-10-01 to 2025-12-31,Model 3/Y,Production_Delivery_Gap,16067,calculated,tesla_production_deliveries_Q4_2025_2026-01-02_exhibit9914.htm,Calculated field (not printed as gap in source),422652 - 406585 = 16067,"May reflect vehicles in transit, timing, logistics, demand, shutdowns, product mix, or reporting cutoffs — not labeled unsold inventory"
2025Q4,2025-10-01 to 2025-12-31,Model 3/Y,Delivery_Conversion_Rate,0.961985,calculated,tesla_production_deliveries_Q4_2025_2026-01-02_exhibit9914.htm,Calculated field (Delivered / Produced),406585 / 422652 = 0.961985,
2025Q4,2025-10-01 to 2025-12-31,Model 3/Y,Energy_Storage_GWh,,reported,tesla_production_deliveries_Q4_2025_2026-01-02_exhibit9914.htm,N/A — energy storage not disclosed by vehicle group,,Left null at vehicle-group grain; company-total energy stored on Total row only
2025Q4,2025-10-01 to 2025-12-31,Other Models,Vehicles_Produced,11706,reported,tesla_production_deliveries_Q4_2025_2026-01-02_exhibit9914.htm,"Exhibit 99.1 quarterly production/deliveries table (first Production|Deliveries table; excludes later full-year table if present) — row 'Other Models', Production column","ing lease accounting | Model 3/Y | 422,652 | 406,585 | 3% | Other Models | 11,706 | 11,642 | 5% | Total | 434,358 | 418,227 | 3% |",
2025Q4,2025-10-01 to 2025-12-31,Other Models,Vehicles_Delivered,11642,reported,tesla_production_deliveries_Q4_2025_2026-01-02_exhibit9914.htm,"Exhibit 99.1 quarterly production/deliveries table (first Production|Deliveries table; excludes later full-year table if present) — row 'Other Models', Deliveries column","ing lease accounting | Model 3/Y | 422,652 | 406,585 | 3% | Other Models | 11,706 | 11,642 | 5% | Total | 434,358 | 418,227 | 3% |",
2025Q4,2025-10-01 to 2025-12-31,Other Models,Production_Delivery_Gap,64,calculated,tesla_production_deliveries_Q4_2025_2026-01-02_exhibit9914.htm,Calculated field (not printed as gap in source),11706 - 11642 = 64,"May reflect vehicles in transit, timing, logistics, demand, shutdowns, product mix, or reporting cutoffs — not labeled unsold inventory"
2025Q4,2025-10-01 to 2025-12-31,Other Models,Delivery_Conversion_Rate,0.994533,calculated,tesla_production_deliveries_Q4_2025_2026-01-02_exhibit9914.htm,Calculated field (Delivered / Produced),11642 / 11706 = 0.994533,
2025Q4,2025-10-01 to 2025-12-31,Other Models,Energy_Storage_GWh,,reported,tesla_production_deliveries_Q4_2025_2026-01-02_exhibit9914.htm,N/A — energy storage not disclosed by vehicle group,,Left null at vehicle-group grain; company-total energy stored on Total row only
2025Q4,2025-10-01 to 2025-12-31,Total,Vehicles_Produced,434358,reported,tesla_production_deliveries_Q4_2025_2026-01-02_exhibit9914.htm,"Exhibit 99.1 quarterly production/deliveries table (first Production|Deliveries table; excludes later full-year table if present) — row 'Total', Production column",",652 | 406,585 | 3% | Other Models | 11,706 | 11,642 | 5% | Total | 434,358 | 418,227 | 3% | 2025 | | | | | | | | | | Pro",
2025Q4,2025-10-01 to 2025-12-31,Total,Vehicles_Delivered,418227,reported,tesla_production_deliveries_Q4_2025_2026-01-02_exhibit9914.htm,"Exhibit 99.1 quarterly production/deliveries table (first Production|Deliveries table; excludes later full-year table if present) — row 'Total', Deliveries column",",652 | 406,585 | 3% | Other Models | 11,706 | 11,642 | 5% | Total | 434,358 | 418,227 | 3% | 2025 | | | | | | | | | | Pro",
2025Q4,2025-10-01 to 2025-12-31,Total,Production_Delivery_Gap,16131,calculated,tesla_production_deliveries_Q4_2025_2026-01-02_exhibit9914.htm,Calculated field (not printed as gap in source),434358 - 418227 = 16131,"May reflect vehicles in transit, timing, logistics, demand, shutdowns, product mix, or reporting cutoffs — not labeled unsold inventory"
2025Q4,2025-10-01 to 2025-12-31,Total,Delivery_Conversion_Rate,0.962862,calculated,tesla_production_deliveries_Q4_2025_2026-01-02_exhibit9914.htm,Calculated field (Delivered / Produced),418227 / 434358 = 0.962862,
2025Q4,2025-10-01 to 2025-12-31,Total,Energy_Storage_GWh,14.2,reported,tesla_production_deliveries_Q4_2025_2026-01-02_exhibit9914.htm,Exhibit 99.1 opening narrative — energy storage deployments (GWh),"over 434,000 vehicles, delivered over 418,000 vehicles and deployed 14.2 GWh of energy storage products – a record for deployments. Thank you to all of",Null when release does not disclose energy storage deployments
