Period_ID,Field_Name,Field_Value,Metric_Label,Source_File,Source_URL,Notes
2008Q3,Tesla_ZEV_Sales_CA,10,reported,New_ZEV_Sales_Last_updated_07-17-2026_ada.xlsx,https://www.energy.ca.gov/filebrowser/download/9805?fid=9805,"Sum of County sheet Number of Vehicles where MAKE=Tesla; Data as of June 30, 2026"
2008Q4,Tesla_ZEV_Sales_CA,65,reported,New_ZEV_Sales_Last_updated_07-17-2026_ada.xlsx,https://www.energy.ca.gov/filebrowser/download/9805?fid=9805,"Sum of County sheet Number of Vehicles where MAKE=Tesla; Data as of June 30, 2026"
2009Q1,Tesla_ZEV_Sales_CA,51,reported,New_ZEV_Sales_Last_updated_07-17-2026_ada.xlsx,https://www.energy.ca.gov/filebrowser/download/9805?fid=9805,"Sum of County sheet Number of Vehicles where MAKE=Tesla; Data as of June 30, 2026"
2009Q2,Tesla_ZEV_Sales_CA,114,reported,New_ZEV_Sales_Last_updated_07-17-2026_ada.xlsx,https://www.energy.ca.gov/filebrowser/download/9805?fid=9805,"Sum of County sheet Number of Vehicles where MAKE=Tesla; Data as of June 30, 2026"
2009Q3,Tesla_ZEV_Sales_CA,64,reported,New_ZEV_Sales_Last_updated_07-17-2026_ada.xlsx,https://www.energy.ca.gov/filebrowser/download/9805?fid=9805,"Sum of County sheet Number of Vehicles where MAKE=Tesla; Data as of June 30, 2026"
2009Q4,Tesla_ZEV_Sales_CA,25,reported,New_ZEV_Sales_Last_updated_07-17-2026_ada.xlsx,https://www.energy.ca.gov/filebrowser/download/9805?fid=9805,"Sum of County sheet Number of Vehicles where MAKE=Tesla; Data as of June 30, 2026"
2010Q1,Tesla_ZEV_Sales_CA,13,reported,New_ZEV_Sales_Last_updated_07-17-2026_ada.xlsx,https://www.energy.ca.gov/filebrowser/download/9805?fid=9805,"Sum of County sheet Number of Vehicles where MAKE=Tesla; Data as of June 30, 2026"
2010Q2,Tesla_ZEV_Sales_CA,22,reported,New_ZEV_Sales_Last_updated_07-17-2026_ada.xlsx,https://www.energy.ca.gov/filebrowser/download/9805?fid=9805,"Sum of County sheet Number of Vehicles where MAKE=Tesla; Data as of June 30, 2026"
2010Q3,Tesla_ZEV_Sales_CA,11,reported,New_ZEV_Sales_Last_updated_07-17-2026_ada.xlsx,https://www.energy.ca.gov/filebrowser/download/9805?fid=9805,"Sum of County sheet Number of Vehicles where MAKE=Tesla; Data as of June 30, 2026"
2010Q4,Tesla_ZEV_Sales_CA,17,reported,New_ZEV_Sales_Last_updated_07-17-2026_ada.xlsx,https://www.energy.ca.gov/filebrowser/download/9805?fid=9805,"Sum of County sheet Number of Vehicles where MAKE=Tesla; Data as of June 30, 2026"
2011Q1,Tesla_ZEV_Sales_CA,15,reported,New_ZEV_Sales_Last_updated_07-17-2026_ada.xlsx,https://www.energy.ca.gov/filebrowser/download/9805?fid=9805,"Sum of County sheet Number of Vehicles where MAKE=Tesla; Data as of June 30, 2026"
2011Q2,Tesla_ZEV_Sales_CA,29,reported,New_ZEV_Sales_Last_updated_07-17-2026_ada.xlsx,https://www.energy.ca.gov/filebrowser/download/9805?fid=9805,"Sum of County sheet Number of Vehicles where MAKE=Tesla; Data as of June 30, 2026"
2011Q3,Tesla_ZEV_Sales_CA,27,reported,New_ZEV_Sales_Last_updated_07-17-2026_ada.xlsx,https://www.energy.ca.gov/filebrowser/download/9805?fid=9805,"Sum of County sheet Number of Vehicles where MAKE=Tesla; Data as of June 30, 2026"
2011Q4,Tesla_ZEV_Sales_CA,22,reported,New_ZEV_Sales_Last_updated_07-17-2026_ada.xlsx,https://www.energy.ca.gov/filebrowser/download/9805?fid=9805,"Sum of County sheet Number of Vehicles where MAKE=Tesla; Data as of June 30, 2026"
2012Q1,Tesla_ZEV_Sales_CA,6,reported,New_ZEV_Sales_Last_updated_07-17-2026_ada.xlsx,https://www.energy.ca.gov/filebrowser/download/9805?fid=9805,"Sum of County sheet Number of Vehicles where MAKE=Tesla; Data as of June 30, 2026"
2012Q2,Tesla_ZEV_Sales_CA,8,reported,New_ZEV_Sales_Last_updated_07-17-2026_ada.xlsx,https://www.energy.ca.gov/filebrowser/download/9805?fid=9805,"Sum of County sheet Number of Vehicles where MAKE=Tesla; Data as of June 30, 2026"
2012Q3,Tesla_ZEV_Sales_CA,15,reported,New_ZEV_Sales_Last_updated_07-17-2026_ada.xlsx,https://www.energy.ca.gov/filebrowser/download/9805?fid=9805,"Sum of County sheet Number of Vehicles where MAKE=Tesla; Data as of June 30, 2026"
2012Q4,Tesla_ZEV_Sales_CA,477,reported,New_ZEV_Sales_Last_updated_07-17-2026_ada.xlsx,https://www.energy.ca.gov/filebrowser/download/9805?fid=9805,"Sum of County sheet Number of Vehicles where MAKE=Tesla; Data as of June 30, 2026"
2013Q1,Tesla_ZEV_Sales_CA,2338,reported,New_ZEV_Sales_Last_updated_07-17-2026_ada.xlsx,https://www.energy.ca.gov/filebrowser/download/9805?fid=9805,"Sum of County sheet Number of Vehicles where MAKE=Tesla; Data as of June 30, 2026"
2013Q2,Tesla_ZEV_Sales_CA,2218,reported,New_ZEV_Sales_Last_updated_07-17-2026_ada.xlsx,https://www.energy.ca.gov/filebrowser/download/9805?fid=9805,"Sum of County sheet Number of Vehicles where MAKE=Tesla; Data as of June 30, 2026"
2013Q3,Tesla_ZEV_Sales_CA,1748,reported,New_ZEV_Sales_Last_updated_07-17-2026_ada.xlsx,https://www.energy.ca.gov/filebrowser/download/9805?fid=9805,"Sum of County sheet Number of Vehicles where MAKE=Tesla; Data as of June 30, 2026"
2013Q4,Tesla_ZEV_Sales_CA,1555,reported,New_ZEV_Sales_Last_updated_07-17-2026_ada.xlsx,https://www.energy.ca.gov/filebrowser/download/9805?fid=9805,"Sum of County sheet Number of Vehicles where MAKE=Tesla; Data as of June 30, 2026"
2014Q1,Tesla_ZEV_Sales_CA,1332,reported,New_ZEV_Sales_Last_updated_07-17-2026_ada.xlsx,https://www.energy.ca.gov/filebrowser/download/9805?fid=9805,"Sum of County sheet Number of Vehicles where MAKE=Tesla; Data as of June 30, 2026"
2014Q2,Tesla_ZEV_Sales_CA,1504,reported,New_ZEV_Sales_Last_updated_07-17-2026_ada.xlsx,https://www.energy.ca.gov/filebrowser/download/9805?fid=9805,"Sum of County sheet Number of Vehicles where MAKE=Tesla; Data as of June 30, 2026"
2014Q3,Tesla_ZEV_Sales_CA,1043,reported,New_ZEV_Sales_Last_updated_07-17-2026_ada.xlsx,https://www.energy.ca.gov/filebrowser/download/9805?fid=9805,"Sum of County sheet Number of Vehicles where MAKE=Tesla; Data as of June 30, 2026"
2014Q4,Tesla_ZEV_Sales_CA,2047,reported,New_ZEV_Sales_Last_updated_07-17-2026_ada.xlsx,https://www.energy.ca.gov/filebrowser/download/9805?fid=9805,"Sum of County sheet Number of Vehicles where MAKE=Tesla; Data as of June 30, 2026"
2015Q1,Tesla_ZEV_Sales_CA,2346,reported,New_ZEV_Sales_Last_updated_07-17-2026_ada.xlsx,https://www.energy.ca.gov/filebrowser/download/9805?fid=9805,"Sum of County sheet Number of Vehicles where MAKE=Tesla; Data as of June 30, 2026"
2015Q2,Tesla_ZEV_Sales_CA,2209,reported,New_ZEV_Sales_Last_updated_07-17-2026_ada.xlsx,https://www.energy.ca.gov/filebrowser/download/9805?fid=9805,"Sum of County sheet Number of Vehicles where MAKE=Tesla; Data as of June 30, 2026"
2015Q3,Tesla_ZEV_Sales_CA,2239,reported,New_ZEV_Sales_Last_updated_07-17-2026_ada.xlsx,https://www.energy.ca.gov/filebrowser/download/9805?fid=9805,"Sum of County sheet Number of Vehicles where MAKE=Tesla; Data as of June 30, 2026"
2015Q4,Tesla_ZEV_Sales_CA,2783,reported,New_ZEV_Sales_Last_updated_07-17-2026_ada.xlsx,https://www.energy.ca.gov/filebrowser/download/9805?fid=9805,"Sum of County sheet Number of Vehicles where MAKE=Tesla; Data as of June 30, 2026"
2016Q1,Tesla_ZEV_Sales_CA,2620,reported,New_ZEV_Sales_Last_updated_07-17-2026_ada.xlsx,https://www.energy.ca.gov/filebrowser/download/9805?fid=9805,"Sum of County sheet Number of Vehicles where MAKE=Tesla; Data as of June 30, 2026"
2016Q2,Tesla_ZEV_Sales_CA,4584,reported,New_ZEV_Sales_Last_updated_07-17-2026_ada.xlsx,https://www.energy.ca.gov/filebrowser/download/9805?fid=9805,"Sum of County sheet Number of Vehicles where MAKE=Tesla; Data as of June 30, 2026"
2016Q3,Tesla_ZEV_Sales_CA,4844,reported,New_ZEV_Sales_Last_updated_07-17-2026_ada.xlsx,https://www.energy.ca.gov/filebrowser/download/9805?fid=9805,"Sum of County sheet Number of Vehicles where MAKE=Tesla; Data as of June 30, 2026"
2016Q4,Tesla_ZEV_Sales_CA,3804,reported,New_ZEV_Sales_Last_updated_07-17-2026_ada.xlsx,https://www.energy.ca.gov/filebrowser/download/9805?fid=9805,"Sum of County sheet Number of Vehicles where MAKE=Tesla; Data as of June 30, 2026"
2017Q1,Tesla_ZEV_Sales_CA,4124,reported,New_ZEV_Sales_Last_updated_07-17-2026_ada.xlsx,https://www.energy.ca.gov/filebrowser/download/9805?fid=9805,"Sum of County sheet Number of Vehicles where MAKE=Tesla; Data as of June 30, 2026"
2017Q2,Tesla_ZEV_Sales_CA,3888,reported,New_ZEV_Sales_Last_updated_07-17-2026_ada.xlsx,https://www.energy.ca.gov/filebrowser/download/9805?fid=9805,"Sum of County sheet Number of Vehicles where MAKE=Tesla; Data as of June 30, 2026"
2017Q3,Tesla_ZEV_Sales_CA,3638,reported,New_ZEV_Sales_Last_updated_07-17-2026_ada.xlsx,https://www.energy.ca.gov/filebrowser/download/9805?fid=9805,"Sum of County sheet Number of Vehicles where MAKE=Tesla; Data as of June 30, 2026"
2017Q4,Tesla_ZEV_Sales_CA,4827,reported,New_ZEV_Sales_Last_updated_07-17-2026_ada.xlsx,https://www.energy.ca.gov/filebrowser/download/9805?fid=9805,"Sum of County sheet Number of Vehicles where MAKE=Tesla; Data as of June 30, 2026"
2018Q1,Tesla_ZEV_Sales_CA,6580,reported,New_ZEV_Sales_Last_updated_07-17-2026_ada.xlsx,https://www.energy.ca.gov/filebrowser/download/9805?fid=9805,"Sum of County sheet Number of Vehicles where MAKE=Tesla; Data as of June 30, 2026"
2018Q2,Tesla_ZEV_Sales_CA,13707,reported,New_ZEV_Sales_Last_updated_07-17-2026_ada.xlsx,https://www.energy.ca.gov/filebrowser/download/9805?fid=9805,"Sum of County sheet Number of Vehicles where MAKE=Tesla; Data as of June 30, 2026"
2018Q3,Tesla_ZEV_Sales_CA,22726,reported,New_ZEV_Sales_Last_updated_07-17-2026_ada.xlsx,https://www.energy.ca.gov/filebrowser/download/9805?fid=9805,"Sum of County sheet Number of Vehicles where MAKE=Tesla; Data as of June 30, 2026"
2018Q4,Tesla_ZEV_Sales_CA,25820,reported,New_ZEV_Sales_Last_updated_07-17-2026_ada.xlsx,https://www.energy.ca.gov/filebrowser/download/9805?fid=9805,"Sum of County sheet Number of Vehicles where MAKE=Tesla; Data as of June 30, 2026"
2019Q1,Tesla_ZEV_Sales_CA,19657,reported,New_ZEV_Sales_Last_updated_07-17-2026_ada.xlsx,https://www.energy.ca.gov/filebrowser/download/9805?fid=9805,"Sum of County sheet Number of Vehicles where MAKE=Tesla; Data as of June 30, 2026"
2019Q2,Tesla_ZEV_Sales_CA,18524,reported,New_ZEV_Sales_Last_updated_07-17-2026_ada.xlsx,https://www.energy.ca.gov/filebrowser/download/9805?fid=9805,"Sum of County sheet Number of Vehicles where MAKE=Tesla; Data as of June 30, 2026"
2019Q3,Tesla_ZEV_Sales_CA,17572,reported,New_ZEV_Sales_Last_updated_07-17-2026_ada.xlsx,https://www.energy.ca.gov/filebrowser/download/9805?fid=9805,"Sum of County sheet Number of Vehicles where MAKE=Tesla; Data as of June 30, 2026"
2019Q4,Tesla_ZEV_Sales_CA,12796,reported,New_ZEV_Sales_Last_updated_07-17-2026_ada.xlsx,https://www.energy.ca.gov/filebrowser/download/9805?fid=9805,"Sum of County sheet Number of Vehicles where MAKE=Tesla; Data as of June 30, 2026"
2020Q1,Tesla_ZEV_Sales_CA,22626,reported,New_ZEV_Sales_Last_updated_07-17-2026_ada.xlsx,https://www.energy.ca.gov/filebrowser/download/9805?fid=9805,"Sum of County sheet Number of Vehicles where MAKE=Tesla; Data as of June 30, 2026"
2020Q2,Tesla_ZEV_Sales_CA,10523,reported,New_ZEV_Sales_Last_updated_07-17-2026_ada.xlsx,https://www.energy.ca.gov/filebrowser/download/9805?fid=9805,"Sum of County sheet Number of Vehicles where MAKE=Tesla; Data as of June 30, 2026"
2020Q3,Tesla_ZEV_Sales_CA,16511,reported,New_ZEV_Sales_Last_updated_07-17-2026_ada.xlsx,https://www.energy.ca.gov/filebrowser/download/9805?fid=9805,"Sum of County sheet Number of Vehicles where MAKE=Tesla; Data as of June 30, 2026"
2020Q4,Tesla_ZEV_Sales_CA,21812,reported,New_ZEV_Sales_Last_updated_07-17-2026_ada.xlsx,https://www.energy.ca.gov/filebrowser/download/9805?fid=9805,"Sum of County sheet Number of Vehicles where MAKE=Tesla; Data as of June 30, 2026"
2021Q1,Tesla_ZEV_Sales_CA,25052,reported,New_ZEV_Sales_Last_updated_07-17-2026_ada.xlsx,https://www.energy.ca.gov/filebrowser/download/9805?fid=9805,"Sum of County sheet Number of Vehicles where MAKE=Tesla; Data as of June 30, 2026"
2021Q2,Tesla_ZEV_Sales_CA,22784,reported,New_ZEV_Sales_Last_updated_07-17-2026_ada.xlsx,https://www.energy.ca.gov/filebrowser/download/9805?fid=9805,"Sum of County sheet Number of Vehicles where MAKE=Tesla; Data as of June 30, 2026"
2021Q3,Tesla_ZEV_Sales_CA,31848,reported,New_ZEV_Sales_Last_updated_07-17-2026_ada.xlsx,https://www.energy.ca.gov/filebrowser/download/9805?fid=9805,"Sum of County sheet Number of Vehicles where MAKE=Tesla; Data as of June 30, 2026"
2021Q4,Tesla_ZEV_Sales_CA,39170,reported,New_ZEV_Sales_Last_updated_07-17-2026_ada.xlsx,https://www.energy.ca.gov/filebrowser/download/9805?fid=9805,"Sum of County sheet Number of Vehicles where MAKE=Tesla; Data as of June 30, 2026"
2022Q1,Tesla_ZEV_Sales_CA,46564,reported,New_ZEV_Sales_Last_updated_07-17-2026_ada.xlsx,https://www.energy.ca.gov/filebrowser/download/9805?fid=9805,"Sum of County sheet Number of Vehicles where MAKE=Tesla; Data as of June 30, 2026"
2022Q2,Tesla_ZEV_Sales_CA,41589,reported,New_ZEV_Sales_Last_updated_07-17-2026_ada.xlsx,https://www.energy.ca.gov/filebrowser/download/9805?fid=9805,"Sum of County sheet Number of Vehicles where MAKE=Tesla; Data as of June 30, 2026"
2022Q3,Tesla_ZEV_Sales_CA,42819,reported,New_ZEV_Sales_Last_updated_07-17-2026_ada.xlsx,https://www.energy.ca.gov/filebrowser/download/9805?fid=9805,"Sum of County sheet Number of Vehicles where MAKE=Tesla; Data as of June 30, 2026"
2022Q4,Tesla_ZEV_Sales_CA,54901,reported,New_ZEV_Sales_Last_updated_07-17-2026_ada.xlsx,https://www.energy.ca.gov/filebrowser/download/9805?fid=9805,"Sum of County sheet Number of Vehicles where MAKE=Tesla; Data as of June 30, 2026"
2023Q1,Tesla_ZEV_Sales_CA,50618,reported,New_ZEV_Sales_Last_updated_07-17-2026_ada.xlsx,https://www.energy.ca.gov/filebrowser/download/9805?fid=9805,"Sum of County sheet Number of Vehicles where MAKE=Tesla; Data as of June 30, 2026"
2023Q2,Tesla_ZEV_Sales_CA,69295,reported,New_ZEV_Sales_Last_updated_07-17-2026_ada.xlsx,https://www.energy.ca.gov/filebrowser/download/9805?fid=9805,"Sum of County sheet Number of Vehicles where MAKE=Tesla; Data as of June 30, 2026"
2023Q3,Tesla_ZEV_Sales_CA,60185,reported,New_ZEV_Sales_Last_updated_07-17-2026_ada.xlsx,https://www.energy.ca.gov/filebrowser/download/9805?fid=9805,"Sum of County sheet Number of Vehicles where MAKE=Tesla; Data as of June 30, 2026"
2023Q4,Tesla_ZEV_Sales_CA,46229,reported,New_ZEV_Sales_Last_updated_07-17-2026_ada.xlsx,https://www.energy.ca.gov/filebrowser/download/9805?fid=9805,"Sum of County sheet Number of Vehicles where MAKE=Tesla; Data as of June 30, 2026"
2024Q1,Tesla_ZEV_Sales_CA,48343,reported,New_ZEV_Sales_Last_updated_07-17-2026_ada.xlsx,https://www.energy.ca.gov/filebrowser/download/9805?fid=9805,"Sum of County sheet Number of Vehicles where MAKE=Tesla; Data as of June 30, 2026"
2024Q2,Tesla_ZEV_Sales_CA,54774,reported,New_ZEV_Sales_Last_updated_07-17-2026_ada.xlsx,https://www.energy.ca.gov/filebrowser/download/9805?fid=9805,"Sum of County sheet Number of Vehicles where MAKE=Tesla; Data as of June 30, 2026"
2024Q3,Tesla_ZEV_Sales_CA,54011,reported,New_ZEV_Sales_Last_updated_07-17-2026_ada.xlsx,https://www.energy.ca.gov/filebrowser/download/9805?fid=9805,"Sum of County sheet Number of Vehicles where MAKE=Tesla; Data as of June 30, 2026"
2024Q4,Tesla_ZEV_Sales_CA,44039,reported,New_ZEV_Sales_Last_updated_07-17-2026_ada.xlsx,https://www.energy.ca.gov/filebrowser/download/9805?fid=9805,"Sum of County sheet Number of Vehicles where MAKE=Tesla; Data as of June 30, 2026"
2025Q1,Tesla_ZEV_Sales_CA,37973,reported,New_ZEV_Sales_Last_updated_07-17-2026_ada.xlsx,https://www.energy.ca.gov/filebrowser/download/9805?fid=9805,"Sum of County sheet Number of Vehicles where MAKE=Tesla; Data as of June 30, 2026"
2025Q2,Tesla_ZEV_Sales_CA,41524,reported,New_ZEV_Sales_Last_updated_07-17-2026_ada.xlsx,https://www.energy.ca.gov/filebrowser/download/9805?fid=9805,"Sum of County sheet Number of Vehicles where MAKE=Tesla; Data as of June 30, 2026"
2025Q3,Tesla_ZEV_Sales_CA,50590,reported,New_ZEV_Sales_Last_updated_07-17-2026_ada.xlsx,https://www.energy.ca.gov/filebrowser/download/9805?fid=9805,"Sum of County sheet Number of Vehicles where MAKE=Tesla; Data as of June 30, 2026"
2025Q4,Tesla_ZEV_Sales_CA,39563,reported,New_ZEV_Sales_Last_updated_07-17-2026_ada.xlsx,https://www.energy.ca.gov/filebrowser/download/9805?fid=9805,"Sum of County sheet Number of Vehicles where MAKE=Tesla; Data as of June 30, 2026"
2026Q1,Tesla_ZEV_Sales_CA,32382,reported,New_ZEV_Sales_Last_updated_07-17-2026_ada.xlsx,https://www.energy.ca.gov/filebrowser/download/9805?fid=9805,"Sum of County sheet Number of Vehicles where MAKE=Tesla; Data as of June 30, 2026"
2026Q2,Tesla_ZEV_Sales_CA,45102,reported,New_ZEV_Sales_Last_updated_07-17-2026_ada.xlsx,https://www.energy.ca.gov/filebrowser/download/9805?fid=9805,"Sum of County sheet Number of Vehicles where MAKE=Tesla; Data as of June 30, 2026"
